timeOpen;timeClose;timeHigh;timeLow;name;open;high;low;close;volume;marketCap;timestamp
"2023-12-19T00:00:00.000Z";"2023-12-19T23:59:59.999Z";"2023-12-19T08:17:00.000Z";"2023-12-19T17:59:00.000Z";"2790";2030.7308762443;2061.1652430712;1949.2494066794;1983.3994758983;9721529755.735197;239639548894.1159;"2023-12-19T23:59:59.999Z"
"2023-12-18T00:00:00.000Z";"2023-12-18T23:59:59.999Z";"2023-12-18T23:07:00.000Z";"2023-12-18T10:36:00.000Z";"2790";2015.0822142163;2034.1275283045;1942.420504846;2029.9714000377;9515340178.576603;244628309912.01788;"2023-12-18T23:59:59.999Z"
"2023-12-17T00:00:00.000Z";"2023-12-17T23:59:59.999Z";"2023-12-17T20:50:00.000Z";"2023-12-17T23:38:00.000Z";"2790";2041.4279649825;2059.071556921;2015.5929473429;2016.3103990378;6793281614.664296;242028041177.53558;"2023-12-17T23:59:59.999Z"
"2023-12-16T00:00:00.000Z";"2023-12-16T23:59:59.999Z";"2023-12-16T16:45:00.000Z";"2023-12-16T00:39:00.000Z";"2790";2035.4904818117;2072.5204467949;2029.1974780408;2041.4591715318;6294681227.219555;245389167483.41342;"2023-12-16T23:59:59.999Z"
"2023-12-15T00:00:00.000Z";"2023-12-15T23:59:59.999Z";"2023-12-15T00:20:00.000Z";"2023-12-15T23:29:00.000Z";"2790";2106.7641498406;2108.6112146996;2029.8504651056;2034.5020214749;9331863393.209925;242665671280.18057;"2023-12-15T23:59:59.999Z"
"2023-12-14T00:00:00.000Z";"2023-12-14T23:59:59.999Z";"2023-12-14T23:18:00.000Z";"2023-12-14T13:31:00.000Z";"2790";2077.1257933873;2121.1232001407;2050.0479128352;2107.1533152677;11584669366.802097;255856936846.15854;"2023-12-14T23:59:59.999Z"
"2023-12-13T00:00:00.000Z";"2023-12-13T23:59:59.999Z";"2023-12-13T22:17:00.000Z";"2023-12-13T07:01:00.000Z";"2790";2039.3502181554;2098.7252800372;1994.5084387157;2077.0501784108;11644270788.300842;251614789491.05048;"2023-12-13T23:59:59.999Z"
"2023-12-12T00:00:00.000Z";"2023-12-12T23:59:59.999Z";"2023-12-12T02:20:00.000Z";"2023-12-12T17:35:00.000Z";"2790";2066.0143542928;2082.8389905793;2007.3283214589;2039.2545137129;10580083612.9763;245868045738.91208;"2023-12-12T23:59:59.999Z"
"2023-12-11T00:00:00.000Z";"2023-12-11T23:59:59.999Z";"2023-12-11T00:10:00.000Z";"2023-12-11T19:42:00.000Z";"2790";2185.2318116466;2186.9521227472;2006.6788680419;2066.6158943218;16710195843.702934;248414643882.67456;"2023-12-11T23:59:59.999Z"
"2023-12-10T00:00:00.000Z";"2023-12-10T23:59:59.999Z";"2023-12-10T20:57:00.000Z";"2023-12-10T10:00:00.000Z";"2790";2173.3247652455;2209.9234089189;2156.5851781924;2185.294399732;6840470985.3796625;262499544688.8811;"2023-12-10T23:59:59.999Z"
"2023-12-09T00:00:00.000Z";"2023-12-09T23:59:59.999Z";"2023-12-09T08:26:00.000Z";"2023-12-09T23:35:00.000Z";"2790";2189.3323543331;2229.3140272655;2164.2523843698;2173.0788514927;9851276962.104387;261242927442.38248;"2023-12-09T23:59:59.999Z"
"2023-12-08T00:00:00.000Z";"2023-12-08T23:59:59.999Z";"2023-12-08T04:16:00.000Z";"2023-12-08T14:15:00.000Z";"2790";2184.5915032831;2212.8032411349;2178.79295541;2189.3749860632;11625101914.061659;262805776508.7408;"2023-12-08T23:59:59.999Z"
"2023-12-07T00:00:00.000Z";"2023-12-07T23:59:59.999Z";"2023-12-07T21:34:00.000Z";"2023-12-07T09:28:00.000Z";"2790";2074.228190104;2206.2269267081;2064.8114090263;2184.6653125431;13715591768.474094;263256497609.0683;"2023-12-07T23:59:59.999Z"
"2023-12-06T00:00:00.000Z";"2023-12-06T23:59:59.999Z";"2023-12-06T01:14:00.000Z";"2023-12-06T23:13:00.000Z";"2790";2125.067134141;2140.2842120828;2066.6174639874;2073.0527129112;11850617662.526104;248587149279.6048;"2023-12-06T23:59:59.999Z"
"2023-12-05T00:00:00.000Z";"2023-12-05T23:59:59.999Z";"2023-12-05T18:16:00.000Z";"2023-12-05T07:45:00.000Z";"2790";2069.7126990681;2138.3151820328;2027.4427731953;2125.4278321051;14194037965.201408;254472133521.41315;"2023-12-05T23:59:59.999Z"
"2023-12-04T00:00:00.000Z";"2023-12-04T23:59:59.999Z";"2023-12-04T10:51:00.000Z";"2023-12-04T00:05:00.000Z";"2790";2015.1321318034;2091.9901818962;2015.1321318034;2070.0553478145;14835050889.661554;247758404399.44464;"2023-12-04T23:59:59.999Z"
"2023-12-03T00:00:00.000Z";"2023-12-03T23:59:59.999Z";"2023-12-03T22:22:00.000Z";"2023-12-03T12:55:00.000Z";"2790";1989.4834834774;2033.5986935594;1976.4632750871;2014.3550762565;7604184744.120388;242273853108.48404;"2023-12-03T23:59:59.999Z"
"2023-12-02T00:00:00.000Z";"2023-12-02T23:59:59.999Z";"2023-12-02T19:11:00.000Z";"2023-12-02T00:32:00.000Z";"2790";1916.5920115065;2005.027399138;1916.3574896484;1989.3074100712;8381965881.573146;239056674803.53284;"2023-12-02T23:59:59.999Z"
"2023-12-01T00:00:00.000Z";"2023-12-01T23:59:59.999Z";"2023-12-01T09:19:00.000Z";"2023-12-01T00:50:00.000Z";"2790";1884.0812520807;1935.6082675496;1876.98955164;1916.1114066599;9977164694.407448;230406405498.42087;"2023-12-01T23:59:59.999Z"
"2023-11-30T00:00:00.000Z";"2023-11-30T23:59:59.999Z";"2023-11-30T23:50:00.000Z";"2023-11-30T08:42:00.000Z";"2790";1849.157407814;1885.568914508;1849.157407814;1884.2711082857;7387841808.57464;224884741953.52573;"2023-11-30T23:59:59.999Z"
"2023-11-29T00:00:00.000Z";"2023-11-29T23:59:59.999Z";"2023-11-29T09:21:00.000Z";"2023-11-29T16:37:00.000Z";"2790";1862.2641129043;1886.0598653984;1842.9239403923;1849.8460435249;8129192998.234293;221815577567.10443;"2023-11-29T23:59:59.999Z"
"2023-11-28T00:00:00.000Z";"2023-11-28T23:59:59.999Z";"2023-11-28T17:42:00.000Z";"2023-11-28T06:07:00.000Z";"2790";1850.0080911615;1885.8511664384;1823.393326586;1862.7643358461;9042957115.103378;224846150128.50745;"2023-11-28T23:59:59.999Z"
"2023-11-27T00:00:00.000Z";"2023-11-27T23:59:59.999Z";"2023-11-27T00:47:00.000Z";"2023-11-27T20:07:00.000Z";"2790";1885.2170355438;1893.9482137755;1814.6012463991;1850.1743963077;9666359860.045935;222843647882.89795;"2023-11-27T23:59:59.999Z"
"2023-11-26T00:00:00.000Z";"2023-11-26T23:59:59.999Z";"2023-11-26T08:35:00.000Z";"2023-11-26T16:37:00.000Z";"2790";1904.0002442969;1912.4771766163;1861.794731239;1886.0623322758;7358475469.929946;226651962733.66077;"2023-11-26T23:59:59.999Z"
"2023-11-25T00:00:00.000Z";"2023-11-25T23:59:59.999Z";"2023-11-25T08:15:00.000Z";"2023-11-25T11:45:00.000Z";"2790";1901.3681134949;1910.5460829528;1889.1458730041;1904.2155607773;4899024597.925379;228972952902.53152;"2023-11-25T23:59:59.999Z"
"2023-11-24T00:00:00.000Z";"2023-11-24T23:59:59.999Z";"2023-11-24T15:41:00.000Z";"2023-11-24T00:11:00.000Z";"2790";1891.392437211;1949.5633757367;1889.9691458863;1901.236448639;11134380477.694706;229498875265.19373;"2023-11-24T23:59:59.999Z"
"2023-11-23T00:00:00.000Z";"2023-11-23T23:59:59.999Z";"2023-11-23T10:01:00.000Z";"2023-11-23T15:58:00.000Z";"2790";1895.5775100453;1912.2488729414;1871.8879758663;1890.9977435709;7189966204.229767;227750602369.63712;"2023-11-23T23:59:59.999Z"
"2023-11-22T00:00:00.000Z";"2023-11-22T23:59:59.999Z";"2023-11-22T21:29:00.000Z";"2023-11-22T00:01:00.000Z";"2790";1771.3091415414;1919.1769074295;1770.9242497847;1895.869025027;12249952022.490726;227411376343.3881;"2023-11-22T23:59:59.999Z"
"2023-11-21T00:00:00.000Z";"2023-11-21T23:59:59.999Z";"2023-11-21T01:47:00.000Z";"2023-11-21T23:59:00.000Z";"2790";1847.4997659031;1857.8167970851;1774.1691701442;1774.1691701442;12473852021.911549;212808937163.3529;"2023-11-21T23:59:59.999Z"
"2023-11-20T00:00:00.000Z";"2023-11-20T23:59:59.999Z";"2023-11-20T17:57:00.000Z";"2023-11-20T05:49:00.000Z";"2790";1844.4470213762;1889.4219551077;1826.7797169877;1847.7198911567;11795846285.536558;222944943232.99915;"2023-11-20T23:59:59.999Z"
"2023-11-19T00:00:00.000Z";"2023-11-19T23:59:59.999Z";"2023-11-19T23:52:00.000Z";"2023-11-19T02:20:00.000Z";"2790";1798.2532648419;1847.6812649365;1781.5097166127;1845.6857052126;7067823556.6990795;221754984447.70944;"2023-11-19T23:59:59.999Z"
"2023-11-18T00:00:00.000Z";"2023-11-18T23:59:59.999Z";"2023-11-18T17:34:00.000Z";"2023-11-18T07:07:00.000Z";"2790";1796.8712539427;1805.8396930961;1759.6739166253;1798.3494390986;7387163527.328919;216256405502.83292;"2023-11-18T23:59:59.999Z"
"2023-11-17T00:00:00.000Z";"2023-11-17T23:59:59.999Z";"2023-11-17T02:31:00.000Z";"2023-11-17T16:39:00.000Z";"2790";1807.4724633241;1833.4594183203;1755.6821418454;1796.5135272067;10946586745.994576;217289692350.11996;"2023-11-17T23:59:59.999Z"
"2023-11-16T00:00:00.000Z";"2023-11-16T23:59:59.999Z";"2023-11-16T11:43:00.000Z";"2023-11-16T19:40:00.000Z";"2790";1898.1492829164;1924.086097754;1787.3076279788;1806.4150689082;13500690817.48469;217282007912.62897;"2023-11-16T23:59:59.999Z"
"2023-11-15T00:00:00.000Z";"2023-11-15T23:59:59.999Z";"2023-11-15T20:29:00.000Z";"2023-11-15T02:45:00.000Z";"2790";1819.3214321192;1901.2511941558;1810.4851947288;1898.6622217351;11604781379.842964;227729945850.6709;"2023-11-15T23:59:59.999Z"
"2023-11-14T00:00:00.000Z";"2023-11-14T23:59:59.999Z";"2023-11-14T08:17:00.000Z";"2023-11-14T18:54:00.000Z";"2790";1919.8925315682;1929.6977061568;1783.4921439983;1818.8147142156;12228788288.354307;222374501766.83075;"2023-11-14T23:59:59.999Z"
"2023-11-13T00:00:00.000Z";"2023-11-13T23:59:59.999Z";"2023-11-13T16:19:00.000Z";"2023-11-13T06:36:00.000Z";"2790";1913.3800323535;1979.6401001489;1901.0028516322;1920.7481765757;13397913437.011152;231218592721.12662;"2023-11-13T23:59:59.999Z"
"2023-11-12T00:00:00.000Z";"2023-11-12T23:59:59.999Z";"2023-11-12T21:44:00.000Z";"2023-11-12T00:50:00.000Z";"2790";1919.2512523062;1933.4507600583;1887.3833825321;1913.2458891876;7432589833.0146265;229919310470.74692;"2023-11-12T23:59:59.999Z"
"2023-11-11T00:00:00.000Z";"2023-11-11T23:59:59.999Z";"2023-11-11T16:58:00.000Z";"2023-11-11T22:15:00.000Z";"2790";1942.5647488214;1953.2889524877;1902.3907439607;1918.8728426674;9561442248.030281;230767079229.37045;"2023-11-11T23:59:59.999Z"
"2023-11-10T00:00:00.000Z";"2023-11-10T23:59:59.999Z";"2023-11-10T04:58:00.000Z";"2023-11-10T14:12:00.000Z";"2790";1988.6152053193;2000.6391877634;1935.2711095304;1942.7810679842;13820131422.186264;234334616195.40842;"2023-11-10T23:59:59.999Z"
"2023-11-09T00:00:00.000Z";"2023-11-09T23:59:59.999Z";"2023-11-09T23:55:00.000Z";"2023-11-09T00:18:00.000Z";"2790";1763.501397248;1997.7263098124;1759.5415989209;1988.0470928309;23068798310.826405;238096694772.63205;"2023-11-09T23:59:59.999Z"
"2023-11-08T00:00:00.000Z";"2023-11-08T23:59:59.999Z";"2023-11-08T21:09:00.000Z";"2023-11-08T06:20:00.000Z";"2790";1764.2071756697;1778.3377086129;1753.9710815066;1764.1547416977;6311880046.194218;212424907002.74207;"2023-11-08T23:59:59.999Z"
"2023-11-07T00:00:00.000Z";"2023-11-07T23:59:59.999Z";"2023-11-07T20:55:00.000Z";"2023-11-07T17:10:00.000Z";"2790";1773.2842712115;1783.4420841165;1734.618093062;1765.1110308825;8586731507.446086;211870060221.35403;"2023-11-07T23:59:59.999Z"
"2023-11-06T00:00:00.000Z";"2023-11-06T23:59:59.999Z";"2023-11-06T14:57:00.000Z";"2023-11-06T05:26:00.000Z";"2790";1764.7597339004;1782.214140621;1743.8851310398;1772.1530947911;7551016234.543961;212897271981.21643;"2023-11-06T23:59:59.999Z"
"2023-11-05T00:00:00.000Z";"2023-11-05T23:59:59.999Z";"2023-11-05T17:46:00.000Z";"2023-11-05T00:53:00.000Z";"2790";1730.0711108193;1780.5678638332;1721.897223477;1765.0784146769;8259309330.775396;212192028538.25656;"2023-11-05T23:59:59.999Z"
"2023-11-04T00:00:00.000Z";"2023-11-04T23:59:59.999Z";"2023-11-04T23:08:00.000Z";"2023-11-04T01:28:00.000Z";"2790";1707.6914094355;1739.2606326803;1700.5823487372;1730.3533570087;4512950163.598739;208106759127.69043;"2023-11-04T23:59:59.999Z"
"2023-11-03T00:00:00.000Z";"2023-11-03T23:59:59.999Z";"2023-11-03T23:54:00.000Z";"2023-11-03T01:19:00.000Z";"2790";1696.335515532;1709.2782572019;1676.4255941904;1707.1571007408;7180196716.264285;207626768070.76337;"2023-11-03T23:59:59.999Z"
"2023-11-02T00:00:00.000Z";"2023-11-02T23:59:59.999Z";"2023-11-02T03:22:00.000Z";"2023-11-02T16:31:00.000Z";"2790";1745.3447461288;1768.5201694423;1686.3453970278;1696.1381702198;8507427131.652668;204610764011.24603;"2023-11-02T23:59:59.999Z"
"2023-11-01T00:00:00.000Z";"2023-11-01T23:59:59.999Z";"2023-11-01T21:05:00.000Z";"2023-11-01T14:57:00.000Z";"2790";1716.5620306397;1758.0959344139;1691.333255734;1745.0731325253;10047535173.679583;209998911837.49863;"2023-11-01T23:59:59.999Z"
"2023-10-31T00:00:00.000Z";"2023-10-31T23:59:59.999Z";"2023-10-31T00:44:00.000Z";"2023-10-31T15:18:00.000Z";"2790";1705.4299794714;1717.2203309476;1685.5901450561;1717.2203309476;6103226739.241911;205828206785.61075;"2023-10-31T23:59:59.999Z"
"2023-10-30T00:00:00.000Z";"2023-10-30T23:59:59.999Z";"2023-10-30T14:05:00.000Z";"2023-10-30T06:11:00.000Z";"2790";1699.8806210579;1724.1701243751;1684.6632010389;1705.3894254968;7132471049.297977;206094834685.23788;"2023-10-30T23:59:59.999Z"
"2023-10-29T00:00:00.000Z";"2023-10-29T23:59:59.999Z";"2023-10-29T22:50:00.000Z";"2023-10-29T01:24:00.000Z";"2790";1680.7182874045;1714.1615539851;1670.7744564369;1699.8307939276;4123385776.1222296;204297601628.62903;"2023-10-29T23:59:59.999Z"
"2023-10-28T00:00:00.000Z";"2023-10-28T23:59:59.999Z";"2023-10-28T11:22:00.000Z";"2023-10-28T23:07:00.000Z";"2790";1684.0486767981;1703.4626861666;1677.7596945917;1680.7696250001;3998113948.9828124;202142655384.45874;"2023-10-28T23:59:59.999Z"
"2023-10-27T00:00:00.000Z";"2023-10-27T23:59:59.999Z";"2023-10-27T00:03:00.000Z";"2023-10-27T18:32:00.000Z";"2790";1707.5407907735;1707.8636126517;1658.1338033852;1684.0119000074;7093536972.524015;202657998201.00458;"2023-10-27T23:59:59.999Z"
"2023-10-26T00:00:00.000Z";"2023-10-26T23:59:59.999Z";"2023-10-26T08:04:00.000Z";"2023-10-26T17:00:00.000Z";"2790";1691.9052782913;1768.6530507379;1675.7083579567;1707.793803724;10597986548.951017;205353262638.14914;"2023-10-26T23:59:59.999Z"
"2023-10-25T00:00:00.000Z";"2023-10-25T23:59:59.999Z";"2023-10-25T16:17:00.000Z";"2023-10-25T08:15:00.000Z";"2790";1684.7718592811;1714.6427661707;1663.0263221478;1691.9219926956;8909534846.13003;202898057049.24472;"2023-10-25T23:59:59.999Z"
"2023-10-24T00:00:00.000Z";"2023-10-24T23:59:59.999Z";"2023-10-24T12:05:00.000Z";"2023-10-24T18:26:00.000Z";"2790";1655.1212508959;1736.3432200378;1655.1212508959;1684.2520037042;14890991934.443789;201130516433.2669;"2023-10-24T23:59:59.999Z"
"2023-10-23T00:00:00.000Z";"2023-10-23T23:59:59.999Z";"2023-10-23T23:01:00.000Z";"2023-10-23T09:48:00.000Z";"2790";1581.6840483679;1681.5230692996;1568.5699575461;1654.9014663615;13563378808.198713;200508180869.88806;"2023-10-23T23:59:59.999Z"
"2023-10-22T00:00:00.000Z";"2023-10-22T23:59:59.999Z";"2023-10-22T23:00:00.000Z";"2023-10-22T15:07:00.000Z";"2790";1537.323913825;1574.7459503979;1531.5491500826;1570.6438226151;4952134251.746318;188762895989.594;"2023-10-22T23:59:59.999Z"
"2023-10-21T00:00:00.000Z";"2023-10-21T23:59:59.999Z";"2023-10-21T18:02:00.000Z";"2023-10-21T03:15:00.000Z";"2790";1514.2300061922;1548.5936733544;1503.4978997627;1537.3302390252;3974402093.292716;184888295582.23056;"2023-10-21T23:59:59.999Z"
"2023-10-20T00:00:00.000Z";"2023-10-20T23:59:59.999Z";"2023-10-20T10:24:00.000Z";"2023-10-20T01:13:00.000Z";"2790";1480.9704941036;1537.8141073239;1477.424500835;1514.0834218924;6374721255.498185;182323748044.08017;"2023-10-20T23:59:59.999Z"
"2023-10-19T00:00:00.000Z";"2023-10-19T23:59:59.999Z";"2023-10-19T16:27:00.000Z";"2023-10-19T09:08:00.000Z";"2790";1484.174315666;1484.174315666;1465.0459508799;1481.0212200973;4778249720.955665;178891458530.60464;"2023-10-19T23:59:59.999Z"
"2023-10-18T00:00:00.000Z";"2023-10-18T23:59:59.999Z";"2023-10-18T11:21:00.000Z";"2023-10-18T21:39:00.000Z";"2790";1480.5547414567;1501.2323691725;1477.5638769225;1483.9798747395;4118188070.910999;177869124532.43964;"2023-10-18T23:59:59.999Z"
"2023-10-17T00:00:00.000Z";"2023-10-17T23:59:59.999Z";"2023-10-17T00:07:00.000Z";"2023-10-17T19:02:00.000Z";"2790";1516.5446030214;1516.8808549741;1470.5911103852;1480.6146576774;4768289729.9306345;178370706463.22305;"2023-10-17T23:59:59.999Z"
"2023-10-16T00:00:00.000Z";"2023-10-16T23:59:59.999Z";"2023-10-16T13:33:00.000Z";"2023-10-16T00:45:00.000Z";"2790";1480.9432425317;1544.4723033191;1479.1626069937;1516.6022588061;8407678524.665093;182923242459.39224;"2023-10-16T23:59:59.999Z"
"2023-10-15T00:00:00.000Z";"2023-10-15T23:59:59.999Z";"2023-10-15T22:12:00.000Z";"2023-10-15T00:39:00.000Z";"2790";1479.2645834186;1488.6533682412;1474.9634772427;1480.6944894184;2780822237.7517233;178236065764.5788;"2023-10-15T23:59:59.999Z"
"2023-10-14T00:00:00.000Z";"2023-10-14T23:59:59.999Z";"2023-10-14T21:10:00.000Z";"2023-10-14T11:49:00.000Z";"2790";1476.5893963928;1484.2576670927;1470.3824477596;1479.4364845196;2310788070.9022875;177911662335.3174;"2023-10-14T23:59:59.999Z"
"2023-10-13T00:00:00.000Z";"2023-10-13T23:59:59.999Z";"2023-10-13T21:04:00.000Z";"2023-10-13T03:55:00.000Z";"2790";1460.9371515366;1495.9262622138;1458.6505368599;1476.4235539114;4341855045.259212;177129312608.24203;"2023-10-13T23:59:59.999Z"
"2023-10-12T00:00:00.000Z";"2023-10-12T23:59:59.999Z";"2023-10-12T02:55:00.000Z";"2023-10-12T17:07:00.000Z";"2790";1474.4391109058;1474.9587759175;1444.0307378969;1461.2138344752;4710290016.889907;174279281928.73987;"2023-10-12T23:59:59.999Z"
"2023-10-11T00:00:00.000Z";"2023-10-11T23:59:59.999Z";"2023-10-11T10:27:00.000Z";"2023-10-11T18:11:00.000Z";"2790";1478.3198214037;1489.0302428174;1462.4032583003;1474.2608110137;5107752696.600214;177609322046.9424;"2023-10-11T23:59:59.999Z"
"2023-10-10T00:00:00.000Z";"2023-10-10T23:59:59.999Z";"2023-10-10T07:37:00.000Z";"2023-10-10T20:47:00.000Z";"2790";1493.6009815716;1509.3335715471;1464.664220784;1478.207530518;4967256729.816929;178196967002.21323;"2023-10-10T23:59:59.999Z"
"2023-10-09T00:00:00.000Z";"2023-10-09T23:59:59.999Z";"2023-10-09T03:45:00.000Z";"2023-10-09T16:46:00.000Z";"2790";1545.5227107932;1549.7177463885;1473.7710365503;1493.4701769627;6642857917.589069;179743994869.63297;"2023-10-09T23:59:59.999Z"
"2023-10-08T00:00:00.000Z";"2023-10-08T23:59:59.999Z";"2023-10-08T02:18:00.000Z";"2023-10-08T11:57:00.000Z";"2790";1543.0348060242;1549.1941252082;1526.3699728426;1546.1618907574;3129717363.5573206;185420255021.51257;"2023-10-08T23:59:59.999Z"
"2023-10-07T00:00:00.000Z";"2023-10-07T23:59:59.999Z";"2023-10-07T00:29:00.000Z";"2023-10-07T20:01:00.000Z";"2790";1553.5631752429;1555.8030024069;1539.7317338653;1542.8969163772;2434442318.686608;185526947353.67023;"2023-10-07T23:59:59.999Z"
"2023-10-06T00:00:00.000Z";"2023-10-06T23:59:59.999Z";"2023-10-06T21:40:00.000Z";"2023-10-06T00:00:00.000Z";"2790";1527.8164006967;1566.5887069156;1527.8164006967;1553.5826326018;4685007056.600461;187640861471.22144;"2023-10-06T23:59:59.999Z"
"2023-10-05T00:00:00.000Z";"2023-10-05T23:59:59.999Z";"2023-10-05T00:49:00.000Z";"2023-10-05T15:38:00.000Z";"2790";1568.3137249875;1573.9100343355;1527.7844359624;1527.7844359624;5143130354.2454405;184423201386.5876;"2023-10-05T23:59:59.999Z"
"2023-10-04T00:00:00.000Z";"2023-10-04T23:59:59.999Z";"2023-10-04T00:02:00.000Z";"2023-10-04T14:49:00.000Z";"2790";1582.5672410668;1583.0616300794;1552.4427446874;1568.3183676032;4897975829.837674;189268804043.57462;"2023-10-04T23:59:59.999Z"
"2023-10-03T00:00:00.000Z";"2023-10-03T23:59:59.999Z";"2023-10-03T06:52:00.000Z";"2023-10-03T15:55:00.000Z";"2790";1586.3312048808;1595.1518380327;1573.4032839049;1582.4859880847;4524477018.899489;190030268231.92612;"2023-10-03T23:59:59.999Z"
"2023-10-02T00:00:00.000Z";"2023-10-02T23:59:59.999Z";"2023-10-02T08:37:00.000Z";"2023-10-02T21:55:00.000Z";"2790";1640.6610146605;1649.9377036745;1570.6050347796;1587.3601884044;7971956385.273605;189378101658.05814;"2023-10-02T23:59:59.999Z"
"2023-10-01T00:00:00.000Z";"2023-10-01T23:59:59.999Z";"2023-10-01T22:18:00.000Z";"2023-10-01T20:04:00.000Z";"2790";1579.4983184744;1657.1804344551;1579.4983184744;1641.4365237683;4777620001.928538;197036374428.3461;"2023-10-01T23:59:59.999Z"
"2023-09-30T00:00:00.000Z";"2023-09-30T23:59:59.999Z";"2023-09-30T15:47:00.000Z";"2023-09-30T02:02:00.000Z";"2790";1576.3537688658;1599.6958301475;1575.1528487281;1579.4985858465;2982224415.221555;189914643160.86176;"2023-09-30T23:59:59.999Z"
"2023-09-29T00:00:00.000Z";"2023-09-29T23:59:59.999Z";"2023-09-29T07:56:00.000Z";"2023-09-29T03:29:00.000Z";"2790";1564.8222528471;1591.0319787562;1558.6316273934;1576.4571136867;5234711884.893763;189848970259.32745;"2023-09-29T23:59:59.999Z"
"2023-09-28T00:00:00.000Z";"2023-09-28T23:59:59.999Z";"2023-09-28T16:31:00.000Z";"2023-09-28T00:05:00.000Z";"2790";1520.8175934816;1576.1188121688;1520.0543467843;1564.8204587315;6337811302.074489;189174340310.13422;"2023-09-28T23:59:59.999Z"
"2023-09-27T00:00:00.000Z";"2023-09-27T23:59:59.999Z";"2023-09-27T11:54:00.000Z";"2023-09-27T18:08:00.000Z";"2790";1507.255651049;1548.4320179749;1507.255651049;1520.9138867843;5234860780.795999;181721758851.92987;"2023-09-27T23:59:59.999Z"
"2023-09-26T00:00:00.000Z";"2023-09-26T23:59:59.999Z";"2023-09-26T09:47:00.000Z";"2023-09-26T15:48:00.000Z";"2790";1499.0144697202;1507.5782154931;1493.6720192978;1507.5782154931;3346171691.9631147;180842242805.414;"2023-09-26T23:59:59.999Z"
"2023-09-25T00:00:00.000Z";"2023-09-25T23:59:59.999Z";"2023-09-25T16:20:00.000Z";"2023-09-25T12:22:00.000Z";"2790";1484.4910162832;1506.2055482581;1469.4917016871;1499.3370791236;4127310451.403452;179337501066.50778;"2023-09-25T23:59:59.999Z"
"2023-09-24T00:00:00.000Z";"2023-09-24T23:59:59.999Z";"2023-09-24T17:55:00.000Z";"2023-09-24T23:29:00.000Z";"2790";1494.6100491827;1499.3606003308;1480.5380548254;1484.671081907;2894324998.9546814;178234396649.5701;"2023-09-24T23:59:59.999Z"
"2023-09-23T00:00:00.000Z";"2023-09-23T23:59:59.999Z";"2023-09-23T00:27:00.000Z";"2023-09-23T15:30:00.000Z";"2790";1494.0355920659;1498.5260647409;1489.4555281272;1494.6401026234;1970622244.4662917;179698931020.2927;"2023-09-23T23:59:59.999Z"
"2023-09-22T00:00:00.000Z";"2023-09-22T23:59:59.999Z";"2023-09-22T08:15:00.000Z";"2023-09-22T00:28:00.000Z";"2790";1485.8767859878;1504.6399126075;1481.9455752835;1494.0873768864;3246402514.297844;179689129421.4498;"2023-09-22T23:59:59.999Z"
"2023-09-21T00:00:00.000Z";"2023-09-21T23:59:59.999Z";"2023-09-21T00:50:00.000Z";"2023-09-21T13:40:00.000Z";"2790";1523.532548366;1528.2887078665;1477.5009500777;1486.1196327102;4874777054.230328;178849078122.4169;"2023-09-21T23:59:59.999Z"
"2023-09-20T00:00:00.000Z";"2023-09-20T23:59:59.999Z";"2023-09-20T02:04:00.000Z";"2023-09-20T19:21:00.000Z";"2790";1538.6435939802;1543.7152285696;1508.4489855927;1523.73685961;4827461937.9699135;182667472232.27863;"2023-09-20T23:59:59.999Z"
"2023-09-19T00:00:00.000Z";"2023-09-19T23:59:59.999Z";"2023-09-19T16:15:00.000Z";"2023-09-19T00:31:00.000Z";"2790";1531.2715319077;1553.5772626387;1522.3790314088;1538.6733594199;4120522764.4511557;184799772704.07568;"2023-09-19T23:59:59.999Z"
"2023-09-18T00:00:00.000Z";"2023-09-18T23:59:59.999Z";"2023-09-18T12:43:00.000Z";"2023-09-18T00:41:00.000Z";"2790";1521.4412908966;1564.0293217448;1508.6862563323;1531.2616394673;5546160780.100776;184523557087.17343;"2023-09-18T23:59:59.999Z"
"2023-09-17T00:00:00.000Z";"2023-09-17T23:59:59.999Z";"2023-09-17T10:48:00.000Z";"2023-09-17T22:11:00.000Z";"2790";1532.4401537955;1532.4401537955;1516.0830683883;1521.3878065;2842131270.217236;182850388450.99658;"2023-09-17T23:59:59.999Z"
"2023-09-16T00:00:00.000Z";"2023-09-16T23:59:59.999Z";"2023-09-16T02:22:00.000Z";"2023-09-16T10:05:00.000Z";"2790";1538.2930369477;1546.298421847;1529.9817545061;1532.4594736683;2642385318.4440055;184237382411.09845;"2023-09-16T23:59:59.999Z"
"2023-09-15T00:00:00.000Z";"2023-09-15T23:59:59.999Z";"2023-09-15T23:03:00.000Z";"2023-09-15T14:48:00.000Z";"2790";1529.5165928519;1548.2894144957;1512.5658240491;1538.4747400192;4088361109.3143125;185552277561.24222;"2023-09-15T23:59:59.999Z"
"2023-09-14T00:00:00.000Z";"2023-09-14T23:59:59.999Z";"2023-09-14T15:01:00.000Z";"2023-09-14T00:09:00.000Z";"2790";1498.2271888523;1538.0360084987;1498.0621048449;1529.7512214046;5160730768.273633;182242568285.8479;"2023-09-14T23:59:59.999Z"
"2023-09-13T00:00:00.000Z";"2023-09-13T23:59:59.999Z";"2023-09-13T15:47:00.000Z";"2023-09-13T06:09:00.000Z";"2790";1480.9916877732;1504.5598497814;1472.5793966074;1497.9699124998;4629661401.694011;179735616880.7468;"2023-09-13T23:59:59.999Z"
"2023-09-12T00:00:00.000Z";"2023-09-12T23:59:59.999Z";"2023-09-12T10:23:00.000Z";"2023-09-12T00:36:00.000Z";"2790";1443.5818194475;1510.00513577;1442.1835389875;1480.4004348535;6339877694.211055;178128498750.5635;"2023-09-12T23:59:59.999Z"
"2023-09-11T00:00:00.000Z";"2023-09-11T23:59:59.999Z";"2023-09-11T00:15:00.000Z";"2023-09-11T20:02:00.000Z";"2790";1508.6660325983;1510.0573164823;1426.6373582142;1443.5769694227;7179269304.3352165;174067803584.57794;"2023-09-11T23:59:59.999Z"
"2023-09-10T00:00:00.000Z";"2023-09-10T23:59:59.999Z";"2023-09-10T00:03:00.000Z";"2023-09-10T17:11:00.000Z";"2790";1527.2059542946;1527.4127363187;1497.2932380783;1508.3671481955;4052875976.929609;181537552254.42346;"2023-09-10T23:59:59.999Z"
"2023-09-09T00:00:00.000Z";"2023-09-09T23:59:59.999Z";"2023-09-09T16:33:00.000Z";"2023-09-09T14:05:00.000Z";"2790";1527.9893251008;1528.7554144598;1522.0217907943;1527.1598456701;1944134361.7595863;183594385134.52948;"2023-09-09T23:59:59.999Z"
"2023-09-08T00:00:00.000Z";"2023-09-08T23:59:59.999Z";"2023-09-08T00:58:00.000Z";"2023-09-08T10:07:00.000Z";"2790";1540.5287612486;1547.012993865;1511.4781941215;1528.0709356977;4299115044.99468;183889145669.97824;"2023-09-08T23:59:59.999Z"
"2023-09-07T00:00:00.000Z";"2023-09-07T23:59:59.999Z";"2023-09-07T21:19:00.000Z";"2023-09-07T14:01:00.000Z";"2790";1522.0867565611;1549.0817930748;1517.7744086706;1540.3313365924;4576053108.459483;184702451653.80112;"2023-09-07T23:59:59.999Z"
"2023-09-06T00:00:00.000Z";"2023-09-06T23:59:59.999Z";"2023-09-06T17:56:00.000Z";"2023-09-06T17:06:00.000Z";"2790";1523.1475328449;1544.4004498243;1502.7174354641;1522.1454418972;4649296413.003752;182924553915.36646;"2023-09-06T23:59:59.999Z"
"2023-09-05T00:00:00.000Z";"2023-09-05T23:59:59.999Z";"2023-09-05T15:22:00.000Z";"2023-09-05T03:22:00.000Z";"2790";1510.1696470073;1536.3693565742;1493.3528466917;1523.0489745378;4092960859.123072;181964033129.54785;"2023-09-05T23:59:59.999Z"
"2023-09-04T00:00:00.000Z";"2023-09-04T23:59:59.999Z";"2023-09-04T03:12:00.000Z";"2023-09-04T22:02:00.000Z";"2790";1516.1794667248;1523.2109859843;1499.3080974825;1509.8706783565;3603820592.1651564;181595262275.30814;"2023-09-04T23:59:59.999Z"
"2023-09-03T00:00:00.000Z";"2023-09-03T23:59:59.999Z";"2023-09-03T21:13:00.000Z";"2023-09-03T16:54:00.000Z";"2790";1517.5377476534;1525.3748251689;1506.0757132139;1516.5436541555;2921788049.1301727;182330254367.56937;"2023-09-03T23:59:59.999Z"
"2023-09-02T00:00:00.000Z";"2023-09-02T23:59:59.999Z";"2023-09-02T15:27:00.000Z";"2023-09-02T00:06:00.000Z";"2790";1509.6731718989;1524.0147760636;1509.1321650137;1517.5208518029;2728705909.5341544;182430032531.81744;"2023-09-02T23:59:59.999Z"
"2023-09-01T00:00:00.000Z";"2023-09-01T23:59:59.999Z";"2023-09-01T00:58:00.000Z";"2023-09-01T17:42:00.000Z";"2790";1517.4415511627;1525.6227595823;1485.9005181636;1509.6097073147;5629157995.867381;180525520726.05606;"2023-09-01T23:59:59.999Z"
"2023-08-31T00:00:00.000Z";"2023-08-31T23:59:59.999Z";"2023-08-31T11:44:00.000Z";"2023-08-31T21:09:00.000Z";"2790";1560.4033699798;1583.4275765293;1507.6677413508;1517.5853613269;6032715677.157006;181015376519.93527;"2023-08-31T23:59:59.999Z"
"2023-08-30T00:00:00.000Z";"2023-08-30T23:59:59.999Z";"2023-08-30T00:07:00.000Z";"2023-08-30T18:30:00.000Z";"2790";1591.3439690932;1592.2908095042;1554.2915993783;1560.1349824047;4622112428.923785;188588109725.1147;"2023-08-30T23:59:59.999Z"
"2023-08-29T00:00:00.000Z";"2023-08-29T23:59:59.999Z";"2023-08-29T16:28:00.000Z";"2023-08-29T12:18:00.000Z";"2790";1526.2536124781;1606.3142936362;1514.0879599976;1591.0794904089;10442679424.968433;192082705439.67746;"2023-08-29T23:59:59.999Z"
"2023-08-28T00:00:00.000Z";"2023-08-28T23:59:59.999Z";"2023-08-28T12:36:00.000Z";"2023-08-28T09:19:00.000Z";"2790";1535.0959187322;1536.2397098693;1506.5616871626;1526.4790380301;4497173266.196087;183991047788.02255;"2023-08-28T23:59:59.999Z"
"2023-08-27T00:00:00.000Z";"2023-08-27T23:59:59.999Z";"2023-08-27T17:02:00.000Z";"2023-08-27T02:57:00.000Z";"2790";1525.0339113416;1537.0719678713;1524.6919320239;1535.3493866978;2430818385.5976562;184586782616.06897;"2023-08-27T23:59:59.999Z"
"2023-08-26T00:00:00.000Z";"2023-08-26T23:59:59.999Z";"2023-08-26T03:31:00.000Z";"2023-08-26T19:25:00.000Z";"2790";1531.1990299292;1532.9132912744;1522.6630689047;1525.0661985656;2244790090.0496216;183337622568.37708;"2023-08-26T23:59:59.999Z"
"2023-08-25T00:00:00.000Z";"2023-08-25T23:59:59.999Z";"2023-08-25T14:17:00.000Z";"2023-08-25T17:47:00.000Z";"2790";1537.2156421589;1546.6497572172;1515.7532342363;1531.2063630124;4996988535.176778;183982194621.6445;"2023-08-25T23:59:59.999Z"
"2023-08-24T00:00:00.000Z";"2023-08-24T23:59:59.999Z";"2023-08-24T00:50:00.000Z";"2023-08-24T17:39:00.000Z";"2790";1545.4810644754;1548.0049365122;1517.1063588122;1537.1917177703;4697910011.370588;183652989281.2927;"2023-08-24T23:59:59.999Z"
"2023-08-23T00:00:00.000Z";"2023-08-23T23:59:59.999Z";"2023-08-23T19:49:00.000Z";"2023-08-23T01:14:00.000Z";"2790";1506.785974673;1561.3855880451;1502.2635635535;1545.799019393;6630320167.656413;186110395072.56638;"2023-08-23T23:59:59.999Z"
"2023-08-22T00:00:00.000Z";"2023-08-22T23:59:59.999Z";"2023-08-22T00:48:00.000Z";"2023-08-22T21:28:00.000Z";"2790";1529.9171100263;1531.3564550183;1471.9315672019;1506.1859451597;6647760366.611183;180230183653.02347;"2023-08-22T23:59:59.999Z"
"2023-08-21T00:00:00.000Z";"2023-08-21T23:59:59.999Z";"2023-08-21T00:01:00.000Z";"2023-08-21T15:29:00.000Z";"2790";1549.5616823406;1549.6172109432;1517.3003090226;1529.4759776854;4669083308.5641;184318157098.7026;"2023-08-21T23:59:59.999Z"
"2023-08-20T00:00:00.000Z";"2023-08-20T23:59:59.999Z";"2023-08-20T20:45:00.000Z";"2023-08-20T07:01:00.000Z";"2790";1533.2091415218;1556.8002956472;1527.0690605545;1549.4741879531;3769739519.6683555;185994579946.4791;"2023-08-20T23:59:59.999Z"
"2023-08-19T00:00:00.000Z";"2023-08-19T23:59:59.999Z";"2023-08-19T16:48:00.000Z";"2023-08-19T07:04:00.000Z";"2790";1525.1799389839;1554.9184480882;1518.9643119405;1533.1027304423;4473329697.562199;184296249262.3665;"2023-08-19T23:59:59.999Z"
"2023-08-18T00:00:00.000Z";"2023-08-18T23:59:59.999Z";"2023-08-18T00:27:00.000Z";"2023-08-18T17:25:00.000Z";"2790";1546.7941650094;1561.5135516199;1512.4975592158;1525.2724865842;8869571558.17985;183612492710.4948;"2023-08-18T23:59:59.999Z"
"2023-08-17T00:00:00.000Z";"2023-08-17T23:59:59.999Z";"2023-08-17T00:14:00.000Z";"2023-08-17T21:45:00.000Z";"2790";1660.3366208867;1662.8012012186;1427.2503303404;1549.4715471489;13065604424.84327;186139193649.16116;"2023-08-17T23:59:59.999Z"
"2023-08-16T00:00:00.000Z";"2023-08-16T23:59:59.999Z";"2023-08-16T03:08:00.000Z";"2023-08-16T20:43:00.000Z";"2790";1675.4947164797;1677.6156573318;1653.9861832249;1660.1463594731;4563796480.687275;198937206378.46957;"2023-08-16T23:59:59.999Z"
"2023-08-15T00:00:00.000Z";"2023-08-15T23:59:59.999Z";"2023-08-15T01:15:00.000Z";"2023-08-15T19:09:00.000Z";"2790";1690.7352198145;1692.4390901435;1665.6899867606;1675.485549662;4110874876.4156814;201230710322.94983;"2023-08-15T23:59:59.999Z"
"2023-08-14T00:00:00.000Z";"2023-08-14T23:59:59.999Z";"2023-08-14T16:52:00.000Z";"2023-08-14T02:15:00.000Z";"2790";1680.6910505313;1695.9061813178;1677.596532537;1690.7900811252;3731194933.8263435;202459347843.432;"2023-08-14T23:59:59.999Z"
"2023-08-13T00:00:00.000Z";"2023-08-13T23:59:59.999Z";"2023-08-13T19:54:00.000Z";"2023-08-13T22:42:00.000Z";"2790";1687.6314419134;1697.1587799345;1676.7248911291;1680.5502964797;2787956841.105007;201690024923.52057;"2023-08-13T23:59:59.999Z"
"2023-08-12T00:00:00.000Z";"2023-08-12T23:59:59.999Z";"2023-08-12T15:31:00.000Z";"2023-08-12T06:08:00.000Z";"2790";1685.9138316428;1690.5768757482;1684.5879082892;1687.4817954952;2091109641.741802;202746322089.42535;"2023-08-12T23:59:59.999Z"
"2023-08-11T00:00:00.000Z";"2023-08-11T23:59:59.999Z";"2023-08-11T14:48:00.000Z";"2023-08-11T16:45:00.000Z";"2790";1685.0818311821;1690.1043279748;1679.173549289;1685.8704053397;3052895825.393133;202066335431.23764;"2023-08-11T23:59:59.999Z"
"2023-08-10T00:00:00.000Z";"2023-08-10T23:59:59.999Z";"2023-08-10T14:01:00.000Z";"2023-08-10T18:05:00.000Z";"2790";1689.2575244253;1689.2575244253;1680.7310343555;1684.7242130734;3425528366.6114807;202574982632.61816;"2023-08-10T23:59:59.999Z"
"2023-08-09T00:00:00.000Z";"2023-08-09T23:59:59.999Z";"2023-08-09T13:01:00.000Z";"2023-08-09T19:56:00.000Z";"2790";1693.3375201236;1703.0215004114;1681.0030640878;1689.3114246913;5356255959.73866;203302641128.07025;"2023-08-09T23:59:59.999Z"
"2023-08-08T00:00:00.000Z";"2023-08-08T23:59:59.999Z";"2023-08-08T21:22:00.000Z";"2023-08-08T02:05:00.000Z";"2790";1660.3148891434;1710.4271377292;1660.3148891434;1693.4334596091;5282722993.02731;202655487764.2137;"2023-08-08T23:59:59.999Z"
"2023-08-07T00:00:00.000Z";"2023-08-07T23:59:59.999Z";"2023-08-07T03:05:00.000Z";"2023-08-07T17:33:00.000Z";"2790";1660.7797801528;1674.9451473463;1640.9728997144;1660.1922591085;5306056764.432317;199529152031.47235;"2023-08-07T23:59:59.999Z"
"2023-08-06T00:00:00.000Z";"2023-08-06T23:59:59.999Z";"2023-08-06T02:26:00.000Z";"2023-08-06T14:16:00.000Z";"2790";1664.1183718796;1665.391430663;1655.1771054753;1661.0186604603;2687660054.245523;199160965037.88647;"2023-08-06T23:59:59.999Z"
"2023-08-05T00:00:00.000Z";"2023-08-05T23:59:59.999Z";"2023-08-05T18:58:00.000Z";"2023-08-05T02:03:00.000Z";"2790";1657.7274113884;1665.5873502429;1655.0150340486;1664.2477965783;2599372418.3766465;199985731593.68665;"2023-08-05T23:59:59.999Z"
"2023-08-04T00:00:00.000Z";"2023-08-04T23:59:59.999Z";"2023-08-04T13:51:00.000Z";"2023-08-04T20:51:00.000Z";"2790";1675.5045367531;1676.0119954762;1650.8460169702;1657.6497346889;4438975517.02507;200554662509.29938;"2023-08-04T23:59:59.999Z"
"2023-08-03T00:00:00.000Z";"2023-08-03T23:59:59.999Z";"2023-08-03T17:16:00.000Z";"2023-08-03T08:27:00.000Z";"2790";1680.2010372068;1694.4007982688;1672.2869157136;1675.66132633;4304057927.121932;201498382407.76;"2023-08-03T23:59:59.999Z"
"2023-08-02T00:00:00.000Z";"2023-08-02T23:59:59.999Z";"2023-08-02T01:34:00.000Z";"2023-08-02T16:56:00.000Z";"2790";1701.4968831525;1707.1648997157;1665.1470700241;1680.4516675407;5856584121.220117;202618776169.561;"2023-08-02T23:59:59.999Z"
"2023-08-01T00:00:00.000Z";"2023-08-01T23:59:59.999Z";"2023-08-01T23:58:00.000Z";"2023-08-01T15:31:00.000Z";"2790";1687.7000722223;1700.6662544539;1658.0619212724;1699.5423677306;6941829066.130808;204525561158.00946;"2023-08-01T23:59:59.999Z"
"2023-07-31T00:00:00.000Z";"2023-07-31T23:59:59.999Z";"2023-07-31T00:50:00.000Z";"2023-07-31T21:03:00.000Z";"2790";1688.8316691023;1701.6460590929;1684.0447978496;1687.8047031994;3983711485.8606305;202351535504.42844;"2023-07-31T23:59:59.999Z"
"2023-07-30T00:00:00.000Z";"2023-07-30T23:59:59.999Z";"2023-07-30T15:06:00.000Z";"2023-07-30T20:13:00.000Z";"2790";1705.0100337229;1707.1929214569;1680.1728025912;1688.4644356312;3628724528.4008164;204210903407.1294;"2023-07-30T23:59:59.999Z"
"2023-07-29T00:00:00.000Z";"2023-07-29T23:59:59.999Z";"2023-07-29T20:27:00.000Z";"2023-07-29T11:06:00.000Z";"2790";1699.2890311127;1709.2322837354;1695.4576986132;1705.188936944;2263804460.5807347;204939665368.37967;"2023-07-29T23:59:59.999Z"
"2023-07-28T00:00:00.000Z";"2023-07-28T23:59:59.999Z";"2023-07-28T14:32:00.000Z";"2023-07-28T05:56:00.000Z";"2790";1694.5510628976;1703.2550704979;1692.5199306055;1699.4562751164;3461565422.399024;206301270498.8976;"2023-07-28T23:59:59.999Z"
"2023-07-27T00:00:00.000Z";"2023-07-27T23:59:59.999Z";"2023-07-27T09:56:00.000Z";"2023-07-27T23:08:00.000Z";"2790";1689.8368344854;1694.4906736518;1689.6933003777;1694.1919743819;3873573080.9762726;201829813447.973;"2023-07-27T23:59:59.999Z"
"2023-07-26T00:00:00.000Z";"2023-07-26T23:59:59.999Z";"2023-07-26T20:41:00.000Z";"2023-07-26T09:54:00.000Z";"2790";1681.0853234299;1702.026130023;1670.7516880591;1689.8415127777;5231896372.329448;204201035377.99652;"2023-07-26T23:59:59.999Z"
"2023-07-25T00:00:00.000Z";"2023-07-25T23:59:59.999Z";"2023-07-25T13:45:00.000Z";"2023-07-25T01:22:00.000Z";"2790";1672.3327992196;1692.2056186535;1666.9213702667;1681.3029151507;3763488894.331902;201993277794.3481;"2023-07-25T23:59:59.999Z"
"2023-07-24T00:00:00.000Z";"2023-07-24T23:59:59.999Z";"2023-07-24T00:44:00.000Z";"2023-07-24T15:15:00.000Z";"2790";1697.7299962993;1697.7299962993;1658.5491740414;1672.348225895;5702551361.103894;199864430762.26218;"2023-07-24T23:59:59.999Z"
"2023-07-23T00:00:00.000Z";"2023-07-23T23:59:59.999Z";"2023-07-23T19:08:00.000Z";"2023-07-23T00:51:00.000Z";"2790";1676.8610591971;1711.357293418;1670.9974618708;1697.8921231885;4026243960.428717;204043307151.66684;"2023-07-23T23:59:59.999Z"
"2023-07-22T00:00:00.000Z";"2023-07-22T23:59:59.999Z";"2023-07-22T01:02:00.000Z";"2023-07-22T23:32:00.000Z";"2790";1699.4486767515;1704.0991498868;1666.9752344623;1675.7989991277;3683997794.1391344;201343520303.9995;"2023-07-22T23:59:59.999Z"
"2023-07-21T00:00:00.000Z";"2023-07-21T23:59:59.999Z";"2023-07-21T18:04:00.000Z";"2023-07-21T11:36:00.000Z";"2790";1698.7288931972;1712.5610962993;1694.6192870175;1699.5609784965;4192225520.66675;204366775348.56323;"2023-07-21T23:59:59.999Z"
"2023-07-20T00:00:00.000Z";"2023-07-20T23:59:59.999Z";"2023-07-20T13:47:00.000Z";"2023-07-20T16:57:00.000Z";"2790";1685.9208689543;1716.8241942293;1685.9208689543;1697.8387609077;6574594344.974635;202844341860.97324;"2023-07-20T23:59:59.999Z"
"2023-07-19T00:00:00.000Z";"2023-07-19T23:59:59.999Z";"2023-07-19T13:47:00.000Z";"2023-07-19T21:21:00.000Z";"2790";1690.0852553464;1710.4925411042;1681.143925374;1685.9056061598;5359770329.134017;202206079841.48517;"2023-07-19T23:59:59.999Z"
"2023-07-18T00:00:00.000Z";"2023-07-18T23:59:59.999Z";"2023-07-18T02:07:00.000Z";"2023-07-18T16:49:00.000Z";"2790";1700.9113945155;1704.2769579844;1674.212431963;1690.1593704476;5173572877.128052;202943204973.18912;"2023-07-18T23:59:59.999Z"
"2023-07-17T00:00:00.000Z";"2023-07-17T23:59:59.999Z";"2023-07-17T05:14:00.000Z";"2023-07-17T18:50:00.000Z";"2790";1713.309505709;1724.464304242;1668.1051621619;1700.9215774843;5947741362.189004;204651718033.23544;"2023-07-17T23:59:59.999Z"
"2023-07-16T00:00:00.000Z";"2023-07-16T23:59:59.999Z";"2023-07-16T14:43:00.000Z";"2023-07-16T02:22:00.000Z";"2790";1719.0809871151;1728.3239624086;1706.3092328968;1713.2599171042;3852896683.619942;205782018962.20114;"2023-07-16T23:59:59.999Z"
"2023-07-15T00:00:00.000Z";"2023-07-15T23:59:59.999Z";"2023-07-15T10:22:00.000Z";"2023-07-15T22:41:00.000Z";"2790";1724.6618876798;1731.8734236431;1716.0038049404;1718.9222112874;3895646917.310493;206487920391.5145;"2023-07-15T23:59:59.999Z"
"2023-07-14T00:00:00.000Z";"2023-07-14T23:59:59.999Z";"2023-07-14T01:07:00.000Z";"2023-07-14T20:35:00.000Z";"2790";1787.0583059628;1805.4357132731;1693.6280268498;1724.8553014145;9469014968.970037;207707792260.29755;"2023-07-14T23:59:59.999Z"
"2023-07-13T00:00:00.000Z";"2023-07-13T23:59:59.999Z";"2023-07-13T18:14:00.000Z";"2023-07-13T05:02:00.000Z";"2790";1680.4912053659;1793.8230496485;1672.7196643426;1787.6171583192;9977570996.244402;216516462005.715;"2023-07-13T23:59:59.999Z"
"2023-07-12T00:00:00.000Z";"2023-07-12T23:59:59.999Z";"2023-07-12T15:12:00.000Z";"2023-07-12T21:31:00.000Z";"2790";1705.4582224023;1709.8890940233;1675.8982977184;1680.6003017324;5791940606.737587;204331969590.2401;"2023-07-12T23:59:59.999Z"
"2023-07-11T00:00:00.000Z";"2023-07-11T23:59:59.999Z";"2023-07-11T06:31:00.000Z";"2023-07-11T14:18:00.000Z";"2790";1708.9322680579;1713.8506489562;1696.6655414146;1705.4916191584;4457329715.410761;205174358235.3726;"2023-07-11T23:59:59.999Z"
"2023-07-10T00:00:00.000Z";"2023-07-10T23:59:59.999Z";"2023-07-10T20:08:00.000Z";"2023-07-10T00:19:00.000Z";"2790";1698.5651620378;1732.4926095202;1686.5267177681;1709.0026926291;5776444835.402824;206079360763.69818;"2023-07-10T23:59:59.999Z"
"2023-07-09T00:00:00.000Z";"2023-07-09T23:59:59.999Z";"2023-07-09T12:39:00.000Z";"2023-07-09T22:11:00.000Z";"2790";1700.6335153268;1712.5514297317;1694.0955823318;1698.6643996439;4004433610.5024853;204147640204.78687;"2023-07-09T23:59:59.999Z"
"2023-07-08T00:00:00.000Z";"2023-07-08T23:59:59.999Z";"2023-07-08T01:01:00.000Z";"2023-07-08T20:21:00.000Z";"2790";1705.7177507852;1707.0848069258;1681.5330215277;1700.5829941271;3919233499.7765217;204444253590.3275;"2023-07-08T23:59:59.999Z"
"2023-07-07T00:00:00.000Z";"2023-07-07T23:59:59.999Z";"2023-07-07T14:03:00.000Z";"2023-07-07T00:04:00.000Z";"2790";1696.3121104477;1719.1876383781;1682.0924579152;1705.3535629714;5939471589.305658;206462930103.5306;"2023-07-07T23:59:59.999Z"
"2023-07-06T00:00:00.000Z";"2023-07-06T23:59:59.999Z";"2023-07-06T09:17:00.000Z";"2023-07-06T23:58:00.000Z";"2790";1759.9010771796;1800.1122797947;1696.6927770224;1697.4143253961;8203409488.514271;204723173920.09082;"2023-07-06T23:59:59.999Z"
"2023-07-05T00:00:00.000Z";"2023-07-05T23:59:59.999Z";"2023-07-05T01:39:00.000Z";"2023-07-05T13:26:00.000Z";"2790";1779.6509000799;1784.5768400571;1741.0217891705;1760.0795613673;5544500270.8863125;211050171988.76105;"2023-07-05T23:59:59.999Z"
"2023-07-04T00:00:00.000Z";"2023-07-04T23:59:59.999Z";"2023-07-04T03:41:00.000Z";"2023-07-04T19:42:00.000Z";"2790";1791.9503972875;1802.7637558504;1775.229094071;1779.4215476797;5208022427.005725;213345592946.0152;"2023-07-04T23:59:59.999Z"
"2023-07-03T00:00:00.000Z";"2023-07-03T23:59:59.999Z";"2023-07-03T15:35:00.000Z";"2023-07-03T00:59:00.000Z";"2790";1776.4891032927;1809.3974917948;1774.378557884;1791.7425911642;7204021016.647514;215497363057.63586;"2023-07-03T23:59:59.999Z"
"2023-07-02T00:00:00.000Z";"2023-07-02T23:59:59.999Z";"2023-07-02T22:35:00.000Z";"2023-07-02T15:25:00.000Z";"2790";1762.8907341964;1794.6034677742;1735.7805909744;1775.9180275888;5811390502.853018;213363097690.71082;"2023-07-02T23:59:59.999Z"
"2023-07-01T00:00:00.000Z";"2023-07-01T23:59:59.999Z";"2023-07-01T00:43:00.000Z";"2023-07-01T04:33:00.000Z";"2790";1771.0213473577;1779.6117494618;1750.432835236;1762.998638117;4705574457.274365;211946088281.1068;"2023-07-01T23:59:59.999Z"
"2023-06-30T00:00:00.000Z";"2023-06-30T23:59:59.999Z";"2023-06-30T17:45:00.000Z";"2023-06-30T13:48:00.000Z";"2790";1704.1719044405;1782.5579522569;1679.9732408686;1770.8977671584;11865777396.312416;213856292610.46338;"2023-06-30T23:59:59.999Z"
"2023-06-29T00:00:00.000Z";"2023-06-29T23:59:59.999Z";"2023-06-29T13:19:00.000Z";"2023-06-29T00:00:00.000Z";"2790";1674.4073186044;1725.6929484566;1674.4073186044;1704.3732461539;5200046192.722508;203961059377.51984;"2023-06-29T23:59:59.999Z"
"2023-06-28T00:00:00.000Z";"2023-06-28T23:59:59.999Z";"2023-06-28T00:01:00.000Z";"2023-06-28T19:31:00.000Z";"2790";1724.7079139845;1724.9839378638;1668.7273101815;1674.2187064124;6511564365.595185;200552165851.88553;"2023-06-28T23:59:59.999Z"
"2023-06-27T00:00:00.000Z";"2023-06-27T23:59:59.999Z";"2023-06-27T17:01:00.000Z";"2023-06-27T00:36:00.000Z";"2790";1704.2823167994;1743.9376380988;1702.152611433;1724.654790974;7045049340.883119;208176015074.4724;"2023-06-27T23:59:59.999Z"
"2023-06-26T00:00:00.000Z";"2023-06-26T23:59:59.999Z";"2023-06-26T14:00:00.000Z";"2023-06-26T17:17:00.000Z";"2790";1742.287179263;1746.1752214176;1686.8202368266;1704.3580174431;7903999790.534456;204925923151.92984;"2023-06-26T23:59:59.999Z"
"2023-06-25T00:00:00.000Z";"2023-06-25T23:59:59.999Z";"2023-06-25T06:27:00.000Z";"2023-06-25T00:44:00.000Z";"2790";1718.3715744688;1767.1328685959;1713.7922336571;1742.705210707;6355171724.410336;209248662385.37726;"2023-06-25T23:59:59.999Z"
"2023-06-24T00:00:00.000Z";"2023-06-24T23:59:59.999Z";"2023-06-24T12:35:00.000Z";"2023-06-24T21:14:00.000Z";"2790";1734.7898417675;1745.2836136455;1711.0087570997;1718.5644904392;4604242910.659871;206560416924.26974;"2023-06-24T23:59:59.999Z"
"2023-06-23T00:00:00.000Z";"2023-06-23T23:59:59.999Z";"2023-06-23T16:09:00.000Z";"2023-06-23T13:50:00.000Z";"2790";1709.0436196535;1775.2023295206;1709.0436196535;1733.956334015;7566736600.46367;207650329738.4573;"2023-06-23T23:59:59.999Z"
"2023-06-22T00:00:00.000Z";"2023-06-22T23:59:59.999Z";"2023-06-22T02:58:00.000Z";"2023-06-22T14:54:00.000Z";"2790";1719.2537084543;1757.5189037355;1702.9244046826;1709.279664777;7712607929.726285;204808531136.30618;"2023-06-22T23:59:59.999Z"
"2023-06-21T00:00:00.000Z";"2023-06-21T23:59:59.999Z";"2023-06-21T23:23:00.000Z";"2023-06-21T00:13:00.000Z";"2790";1641.0212397902;1727.239993743;1637.5854594106;1720.2000384922;10743094130.360899;208150332299.1968;"2023-06-21T23:59:59.999Z"
"2023-06-20T00:00:00.000Z";"2023-06-20T23:59:59.999Z";"2023-06-20T23:55:00.000Z";"2023-06-20T14:28:00.000Z";"2790";1589.9849184067;1642.3850262645;1572.113173808;1641.2915464481;6564586286.172717;197204747966.6269;"2023-06-20T23:59:59.999Z"
"2023-06-19T00:00:00.000Z";"2023-06-19T23:59:59.999Z";"2023-06-19T18:15:00.000Z";"2023-06-19T16:36:00.000Z";"2790";1572.4575737778;1598.1769034456;1561.8854263993;1590.7403056445;4762123516.940122;190907910982.72308;"2023-06-19T23:59:59.999Z"
"2023-06-18T00:00:00.000Z";"2023-06-18T23:59:59.999Z";"2023-06-18T17:09:00.000Z";"2023-06-18T23:01:00.000Z";"2790";1576.4096947027;1592.8757788886;1570.2061082046;1572.6680476964;3486549451.2394185;188775669000.3392;"2023-06-18T23:59:59.999Z"
"2023-06-17T00:00:00.000Z";"2023-06-17T23:59:59.999Z";"2023-06-17T05:42:00.000Z";"2023-06-17T02:03:00.000Z";"2790";1566.8062734079;1612.5247179794;1564.505522274;1576.4192296371;4449583609.883676;189505774881.957;"2023-06-17T23:59:59.999Z"
"2023-06-16T00:00:00.000Z";"2023-06-16T23:59:59.999Z";"2023-06-16T20:55:00.000Z";"2023-06-16T14:48:00.000Z";"2790";1521.4642352122;1578.8065729358;1511.6429642669;1566.8036625383;5738135776.374648;188532072537.4709;"2023-06-16T23:59:59.999Z"
"2023-06-15T00:00:00.000Z";"2023-06-15T23:59:59.999Z";"2023-06-15T21:04:00.000Z";"2023-06-15T09:32:00.000Z";"2790";1522.3535296378;1531.5784439728;1497.903804403;1521.4623467503;6759575102.440064;184679102712.85107;"2023-06-15T23:59:59.999Z"
"2023-06-14T00:00:00.000Z";"2023-06-14T23:59:59.999Z";"2023-06-14T11:32:00.000Z";"2023-06-14T21:00:00.000Z";"2790";1611.9996212731;1618.6301295705;1511.554825026;1522.4703081524;6916889513.49191;183914083078.34106;"2023-06-14T23:59:59.999Z"
"2023-06-13T00:00:00.000Z";"2023-06-13T23:59:59.999Z";"2023-06-13T12:32:00.000Z";"2023-06-13T15:33:00.000Z";"2790";1618.9679331485;1636.7755506103;1599.6579553578;1611.8982482927;5773947644.524218;194269082889.84293;"2023-06-13T23:59:59.999Z"
"2023-06-12T00:00:00.000Z";"2023-06-12T23:59:59.999Z";"2023-06-12T09:11:00.000Z";"2023-06-12T02:50:00.000Z";"2790";1630.8510123797;1630.8510123797;1604.9234927947;1619.0443480141;5610876798.830584;194892548258.151;"2023-06-12T23:59:59.999Z"
"2023-06-11T00:00:00.000Z";"2023-06-11T23:59:59.999Z";"2023-06-11T20:12:00.000Z";"2023-06-11T16:03:00.000Z";"2790";1629.7280108415;1652.1818176302;1619.1108772319;1630.8567747941;4239655934.2446423;196037007292.02814;"2023-06-11T23:59:59.999Z"
"2023-06-10T00:00:00.000Z";"2023-06-10T23:59:59.999Z";"2023-06-10T01:12:00.000Z";"2023-06-10T08:04:00.000Z";"2790";1712.151631992;1716.2391814003;1601.4912405023;1629.5951293691;10036746909.31187;196004656085.30865;"2023-06-10T23:59:59.999Z"
"2023-06-09T00:00:00.000Z";"2023-06-09T23:59:59.999Z";"2023-06-09T13:25:00.000Z";"2023-06-09T20:10:00.000Z";"2790";1711.9473890917;1723.0247947886;1701.6270720444;1711.9964472206;4275822324.2082186;205173394153.51852;"2023-06-09T23:59:59.999Z"
"2023-06-08T00:00:00.000Z";"2023-06-08T23:59:59.999Z";"2023-06-08T15:54:00.000Z";"2023-06-08T03:33:00.000Z";"2790";1711.5108437217;1727.1715652226;1709.1344124131;1712.0664919691;4236522545.8805366;207324873668.08554;"2023-06-08T23:59:59.999Z"
"2023-06-07T00:00:00.000Z";"2023-06-07T23:59:59.999Z";"2023-06-07T00:47:00.000Z";"2023-06-07T22:00:00.000Z";"2790";1761.3158403823;1769.5827672652;1703.350388371;1711.7400164512;7402693667.3237295;205924487251.59537;"2023-06-07T23:59:59.999Z"
"2023-06-06T00:00:00.000Z";"2023-06-06T23:59:59.999Z";"2023-06-06T19:55:00.000Z";"2023-06-06T12:15:00.000Z";"2790";1690.355223953;1773.3644827633;1681.5919823613;1761.8142238653;8126421425.352728;211534768289.534;"2023-06-06T23:59:59.999Z"
"2023-06-05T00:00:00.000Z";"2023-06-05T23:59:59.999Z";"2023-06-05T00:30:00.000Z";"2023-06-05T16:04:00.000Z";"2790";1767.2664012792;1768.0267755413;1661.3966499226;1691.6570321441;8644223729.977394;203654832318.9056;"2023-06-05T23:59:59.999Z"
"2023-06-04T00:00:00.000Z";"2023-06-04T23:59:59.999Z";"2023-06-04T13:55:00.000Z";"2023-06-04T01:08:00.000Z";"2790";1766.3644930573;1782.8488330602;1760.0674852548;1767.4127691383;3497489652.082369;212169313339.44666;"2023-06-04T23:59:59.999Z"
"2023-06-03T00:00:00.000Z";"2023-06-03T23:59:59.999Z";"2023-06-03T00:22:00.000Z";"2023-06-03T21:13:00.000Z";"2790";1780.3865969253;1781.6947297048;1759.9121735898;1766.3778544383;3241021118.5378213;212383464656.68744;"2023-06-03T23:59:59.999Z"
"2023-06-02T00:00:00.000Z";"2023-06-02T23:59:59.999Z";"2023-06-02T19:40:00.000Z";"2023-06-02T00:39:00.000Z";"2790";1730.8323466145;1783.693848627;1721.0919190517;1780.2333443163;5666903678.623482;213130023074.41965;"2023-06-02T23:59:59.999Z"
"2023-06-01T00:00:00.000Z";"2023-06-01T23:59:59.999Z";"2023-06-01T00:29:00.000Z";"2023-06-01T03:05:00.000Z";"2790";1752.3913618134;1765.4669479772;1726.9795850844;1730.4525605596;5274271432.853726;209400199205.36075;"2023-06-01T23:59:59.999Z"
"2023-05-31T00:00:00.000Z";"2023-05-31T23:59:59.999Z";"2023-05-31T01:27:00.000Z";"2023-05-31T14:20:00.000Z";"2790";1771.6353693836;1776.9984648523;1736.8611225677;1752.5387267062;5576973227.891223;210014619117.11246;"2023-05-31T23:59:59.999Z"
"2023-05-30T00:00:00.000Z";"2023-05-30T23:59:59.999Z";"2023-05-30T10:38:00.000Z";"2023-05-30T00:37:00.000Z";"2790";1768.1490256395;1786.786419802;1758.1312041704;1771.4031701209;5009452757.835696;213513656037.59583;"2023-05-30T23:59:59.999Z"
"2023-05-29T00:00:00.000Z";"2023-05-29T23:59:59.999Z";"2023-05-29T00:25:00.000Z";"2023-05-29T17:08:00.000Z";"2790";1780.8476351546;1797.1049298356;1754.0324689859;1767.8282530615;5488777205.111724;212335350637.40707;"2023-05-29T23:59:59.999Z"
"2023-05-28T00:00:00.000Z";"2023-05-28T23:59:59.999Z";"2023-05-28T23:47:00.000Z";"2023-05-28T00:19:00.000Z";"2790";1706.3092811238;1786.540261976;1701.0616689356;1782.0077109075;5926203101.370346;214138116591.29147;"2023-05-28T23:59:59.999Z"
"2023-05-27T00:00:00.000Z";"2023-05-27T23:59:59.999Z";"2023-05-27T03:50:00.000Z";"2023-05-27T13:58:00.000Z";"2790";1703.9582412631;1711.0486012323;1693.6300064066;1706.3275955907;2997516980.8205075;205197450473.31482;"2023-05-27T23:59:59.999Z"
"2023-05-26T00:00:00.000Z";"2023-05-26T23:59:59.999Z";"2023-05-26T20:16:00.000Z";"2023-05-26T01:48:00.000Z";"2790";1683.8172964724;1713.1537373556;1676.4740999425;1704.0645384097;5083378378.9122925;205067879331.65503;"2023-05-26T23:59:59.999Z"
"2023-05-25T00:00:00.000Z";"2023-05-25T23:59:59.999Z";"2023-05-25T19:12:00.000Z";"2023-05-25T01:29:00.000Z";"2790";1673.2548481131;1693.8436444343;1640.9029402767;1684.1565549799;5877060124.150302;201908781953.15457;"2023-05-25T23:59:59.999Z"
"2023-05-24T00:00:00.000Z";"2023-05-24T23:59:59.999Z";"2023-05-24T00:00:00.000Z";"2023-05-24T14:07:00.000Z";"2790";1721.8211202518;1721.8211202518;1653.6196021888;1673.5367845212;6594277320.332706;201018479975.80902;"2023-05-24T23:59:59.999Z"
"2023-05-23T00:00:00.000Z";"2023-05-23T23:59:59.999Z";"2023-05-23T03:21:00.000Z";"2023-05-23T01:03:00.000Z";"2790";1681.5166456739;1729.9713366911;1679.3252971206;1721.8981153234;6308802784.995595;206301693527.5701;"2023-05-23T23:59:59.999Z"
"2023-05-22T00:00:00.000Z";"2023-05-22T23:59:59.999Z";"2023-05-22T13:44:00.000Z";"2023-05-22T02:01:00.000Z";"2790";1668.0835851919;1689.2175695615;1656.6216085567;1681.428729958;4191222538.046232;202030329086.94904;"2023-05-22T23:59:59.999Z"
"2023-05-21T00:00:00.000Z";"2023-05-21T23:59:59.999Z";"2023-05-21T00:51:00.000Z";"2023-05-21T21:08:00.000Z";"2790";1682.5866233429;1689.7822803825;1665.3648472855;1667.7659470106;3130823968.4266634;200631333980.1041;"2023-05-21T23:59:59.999Z"
"2023-05-20T00:00:00.000Z";"2023-05-20T23:59:59.999Z";"2023-05-20T18:01:00.000Z";"2023-05-20T00:54:00.000Z";"2790";1675.6303073516;1690.7876895779;1671.2679957742;1682.9008378832;2728363195.222449;202390037051.38065;"2023-05-20T23:59:59.999Z"
"2023-05-19T00:00:00.000Z";"2023-05-19T23:59:59.999Z";"2023-05-19T15:22:00.000Z";"2023-05-19T01:49:00.000Z";"2790";1671.5334864545;1691.4375014108;1670.075435435;1675.4671134283;4451351465.502898;202339178998.37006;"2023-05-19T23:59:59.999Z"
"2023-05-18T00:00:00.000Z";"2023-05-18T23:59:59.999Z";"2023-05-18T07:53:00.000Z";"2023-05-18T17:58:00.000Z";"2790";1681.1676782567;1692.0439818812;1648.0302307742;1672.0815042378;5234421556.554595;199952455764.66696;"2023-05-18T23:59:59.999Z"
"2023-05-17T00:00:00.000Z";"2023-05-17T23:59:59.999Z";"2023-05-17T01:39:00.000Z";"2023-05-17T14:39:00.000Z";"2790";1678.8908007504;1688.546869478;1649.8236439119;1681.069915881;5846593038.826148;201697452001.93927;"2023-05-17T23:59:59.999Z"
"2023-05-16T00:00:00.000Z";"2023-05-16T23:59:59.999Z";"2023-05-16T18:01:00.000Z";"2023-05-16T01:36:00.000Z";"2790";1670.720695447;1684.0570813183;1652.5977778887;1679.0144178096;5145949378.937053;201773152277.606;"2023-05-16T23:59:59.999Z"
"2023-05-15T00:00:00.000Z";"2023-05-15T23:59:59.999Z";"2023-05-15T17:18:00.000Z";"2023-05-15T00:53:00.000Z";"2790";1658.8529856523;1696.9028759635;1647.120084059;1671.3952479793;6218392899.077464;205922723890.9135;"2023-05-15T23:59:59.999Z"
"2023-05-14T00:00:00.000Z";"2023-05-14T23:59:59.999Z";"2023-05-14T15:50:00.000Z";"2023-05-14T20:05:00.000Z";"2790";1642.1563681651;1667.1920801843;1642.1563681651;1659.2715108631;4307393566.622362;202400190248.2846;"2023-05-14T23:59:59.999Z"
"2023-05-13T00:00:00.000Z";"2023-05-13T23:59:59.999Z";"2023-05-13T01:23:00.000Z";"2023-05-13T18:59:00.000Z";"2790";1653.0355962159;1660.0590926563;1634.8455238249;1642.1627325218;4248399372.892081;201684839248.1005;"2023-05-13T23:59:59.999Z"
"2023-05-12T00:00:00.000Z";"2023-05-12T23:59:59.999Z";"2023-05-12T22:14:00.000Z";"2023-05-12T05:53:00.000Z";"2790";1644.9580303413;1656.9822524741;1594.3952676137;1652.7108491032;8290138123.733038;203449614412.32114;"2023-05-12T23:59:59.999Z"
"2023-05-11T00:00:00.000Z";"2023-05-11T23:59:59.999Z";"2023-05-11T00:00:00.000Z";"2023-05-11T17:25:00.000Z";"2790";1677.441679279;1677.441679279;1624.7310722419;1646.0686581312;7605492371.528815;196773824154.68472;"2023-05-11T23:59:59.999Z"
"2023-05-10T00:00:00.000Z";"2023-05-10T23:59:59.999Z";"2023-05-10T13:04:00.000Z";"2023-05-10T17:22:00.000Z";"2790";1685.6391371899;1715.4316622573;1636.9874141375;1677.5599375283;9070709223.517565;202174438359.58804;"2023-05-10T23:59:59.999Z"
"2023-05-09T00:00:00.000Z";"2023-05-09T23:59:59.999Z";"2023-05-09T20:02:00.000Z";"2023-05-09T06:37:00.000Z";"2790";1681.3512046112;1697.1817902914;1666.6971584895;1685.938994491;5573568979.263954;202259190908.73984;"2023-05-09T23:59:59.999Z"
"2023-05-08T00:00:00.000Z";"2023-05-08T23:59:59.999Z";"2023-05-08T00:45:00.000Z";"2023-05-08T18:04:00.000Z";"2790";1699.4134962365;1711.0319759086;1650.9912707754;1681.3530688812;8980557908.372408;201939643675.4046;"2023-05-08T23:59:59.999Z"
"2023-05-07T00:00:00.000Z";"2023-05-07T23:59:59.999Z";"2023-05-07T14:54:00.000Z";"2023-05-07T23:59:00.000Z";"2790";1694.7455367784;1725.1458709799;1694.7455367784;1699.6427011727;6140545314.308988;201072069558.66296;"2023-05-07T23:59:59.999Z"
"2023-05-06T00:00:00.000Z";"2023-05-06T23:59:59.999Z";"2023-05-06T00:37:00.000Z";"2023-05-06T15:02:00.000Z";"2790";1779.9873844061;1799.6832340919;1668.5988889712;1695.0168333631;8584029020.988342;204007511724.17694;"2023-05-06T23:59:59.999Z"
"2023-05-05T00:00:00.000Z";"2023-05-05T23:59:59.999Z";"2023-05-05T23:22:00.000Z";"2023-05-05T00:26:00.000Z";"2790";1703.5496024224;1789.665270087;1703.0569052959;1780.8910991394;8616718224.599533;217856931996.97925;"2023-05-05T23:59:59.999Z"
"2023-05-04T00:00:00.000Z";"2023-05-04T23:59:59.999Z";"2023-05-04T10:38:00.000Z";"2023-05-04T19:16:00.000Z";"2790";1721.0363069161;1733.3810758184;1696.2336864428;1703.3762125605;5942638756.598181;204184656446.79498;"2023-05-04T23:59:59.999Z"
"2023-05-03T00:00:00.000Z";"2023-05-03T23:59:59.999Z";"2023-05-03T22:26:00.000Z";"2023-05-03T13:09:00.000Z";"2790";1698.6942715827;1729.6466441712;1672.2029810311;1720.3749223223;7542692985.686505;208204731059.17566;"2023-05-03T23:59:59.999Z"
"2023-05-02T00:00:00.000Z";"2023-05-02T23:59:59.999Z";"2023-05-02T19:13:00.000Z";"2023-05-02T02:31:00.000Z";"2790";1670.1407746764;1708.188278706;1660.1193901515;1698.8431536932;6871928210.974403;205354364665.11343;"2023-05-02T23:59:59.999Z"
"2023-05-01T00:00:00.000Z";"2023-05-01T23:59:59.999Z";"2023-05-01T01:05:00.000Z";"2023-05-01T21:00:00.000Z";"2790";1697.3268614119;1713.7600251467;1648.3125172049;1669.8909184355;7833936302.6940775;200309091277.49106;"2023-05-01T23:59:59.999Z"
"2023-04-30T00:00:00.000Z";"2023-04-30T23:59:59.999Z";"2023-04-30T15:42:00.000Z";"2023-04-30T23:59:00.000Z";"2790";1715.3361831324;1742.0058323146;1704.6677199417;1704.6677199417;5877006196.325636;203078010264.20697;"2023-04-30T23:59:59.999Z"
"2023-04-29T00:00:00.000Z";"2023-04-29T23:59:59.999Z";"2023-04-29T14:43:00.000Z";"2023-04-29T01:02:00.000Z";"2790";1700.8481932121;1722.7345006563;1696.7370880698;1715.4940630683;4310750474.663388;206548688542.6546;"2023-04-29T23:59:59.999Z"
"2023-04-28T00:00:00.000Z";"2023-04-28T23:59:59.999Z";"2023-04-28T07:50:00.000Z";"2023-04-28T15:14:00.000Z";"2790";1730.4506036687;1748.8804781968;1700.0798955325;1700.8012188236;6971349516.760698;206524716878.33148;"2023-04-28T23:59:59.999Z"
"2023-04-27T00:00:00.000Z";"2023-04-27T23:59:59.999Z";"2023-04-27T18:45:00.000Z";"2023-04-27T00:02:00.000Z";"2790";1690.010758125;1756.9370933953;1686.8010284483;1730.1717159862;12682274805.389715;208069836700.53076;"2023-04-27T23:59:59.999Z"
"2023-04-26T00:00:00.000Z";"2023-04-26T23:59:59.999Z";"2023-04-26T13:01:00.000Z";"2023-04-26T20:03:00.000Z";"2790";1699.6436616083;1775.5094474162;1624.5601400149;1689.9088641116;13075578136.897532;204690786863.4724;"2023-04-26T23:59:59.999Z"
"2023-04-25T00:00:00.000Z";"2023-04-25T23:59:59.999Z";"2023-04-25T22:06:00.000Z";"2023-04-25T14:36:00.000Z";"2790";1666.0657027261;1710.6441728294;1643.5027227904;1700.3418527112;7847597053.138285;203279139882.11655;"2023-04-25T23:59:59.999Z"
"2023-04-24T00:00:00.000Z";"2023-04-24T23:59:59.999Z";"2023-04-24T01:19:00.000Z";"2023-04-24T17:03:00.000Z";"2790";1693.7490772254;1718.2128178408;1642.3061804583;1666.9141643402;7675361964.243713;201825824848.57037;"2023-04-24T23:59:59.999Z"
"2023-04-23T00:00:00.000Z";"2023-04-23T23:59:59.999Z";"2023-04-23T12:32:00.000Z";"2023-04-23T20:05:00.000Z";"2790";1688.9752558124;1696.2371655975;1673.4132081451;1693.7837849519;5954536505.914031;202059083347.35025;"2023-04-23T23:59:59.999Z"
"2023-04-22T00:00:00.000Z";"2023-04-22T23:59:59.999Z";"2023-04-22T17:23:00.000Z";"2023-04-22T10:22:00.000Z";"2790";1666.5492464247;1700.3393429574;1663.4516592432;1689.0266834174;6281838665.012299;203382770251.79156;"2023-04-22T23:59:59.999Z"
"2023-04-21T00:00:00.000Z";"2023-04-21T23:59:59.999Z";"2023-04-21T00:49:00.000Z";"2023-04-21T20:06:00.000Z";"2790";1771.8884508888;1782.9398806123;1663.0942388449;1667.1921112114;10981270995.185116;203109192519.12692;"2023-04-21T23:59:59.999Z"
"2023-04-20T00:00:00.000Z";"2023-04-20T23:59:59.999Z";"2023-04-20T14:14:00.000Z";"2023-04-20T19:35:00.000Z";"2790";1768.0637984399;1803.1359452615;1750.6721018199;1771.531860957;10339603750.068743;213660458188.3972;"2023-04-20T23:59:59.999Z"
"2023-04-19T00:00:00.000Z";"2023-04-19T23:59:59.999Z";"2023-04-19T00:19:00.000Z";"2023-04-19T23:37:00.000Z";"2790";1917.0149363138;1917.4660398667;1761.5463988117;1768.3294531545;12555442627.142273;210565617970.11707;"2023-04-19T23:59:59.999Z"
"2023-04-18T00:00:00.000Z";"2023-04-18T23:59:59.999Z";"2023-04-18T11:51:00.000Z";"2023-04-18T01:16:00.000Z";"2790";1900.0095623442;1933.3049999457;1883.119546135;1917.5217717929;8360272719.943606;229934506577.4257;"2023-04-18T23:59:59.999Z"
"2023-04-17T00:00:00.000Z";"2023-04-17T23:59:59.999Z";"2023-04-17T00:14:00.000Z";"2023-04-17T13:18:00.000Z";"2790";1929.9855285224;1929.9855285224;1883.086009065;1900.2108169877;8784053203.219963;225749448278.0331;"2023-04-17T23:59:59.999Z"
"2023-04-16T00:00:00.000Z";"2023-04-16T23:59:59.999Z";"2023-04-16T19:33:00.000Z";"2023-04-16T01:16:00.000Z";"2790";1884.5132640378;1944.7416178933;1870.5984317521;1929.9260982836;7113827062.837387;228597583877.9172;"2023-04-16T23:59:59.999Z"
"2023-04-15T00:00:00.000Z";"2023-04-15T23:59:59.999Z";"2023-04-15T11:22:00.000Z";"2023-04-15T01:25:00.000Z";"2790";1892.7514558823;1901.2703467813;1870.1408726797;1884.6807099881;7237779838.18112;226348051122.2938;"2023-04-15T23:59:59.999Z"
"2023-04-14T00:00:00.000Z";"2023-04-14T23:59:59.999Z";"2023-04-14T01:51:00.000Z";"2023-04-14T00:11:00.000Z";"2790";1822.2406940065;1922.7197141864;1819.4328552435;1892.7686592163;14746813713.260258;228599508007.3792;"2023-04-14T23:59:59.999Z"
"2023-04-13T00:00:00.000Z";"2023-04-13T23:59:59.999Z";"2023-04-13T19:13:00.000Z";"2023-04-13T02:17:00.000Z";"2790";1743.4217337574;1830.5837723111;1729.293184916;1821.3317084573;11406708731.824615;220405258617.83145;"2023-04-13T23:59:59.999Z"
"2023-04-12T00:00:00.000Z";"2023-04-12T23:59:59.999Z";"2023-04-12T14:52:00.000Z";"2023-04-12T03:46:00.000Z";"2790";1733.0638231373;1755.898565972;1702.7688520923;1745.9961443532;10086034409.200153;211931399354.8513;"2023-04-12T23:59:59.999Z"
"2023-04-11T00:00:00.000Z";"2023-04-11T23:59:59.999Z";"2023-04-11T02:10:00.000Z";"2023-04-11T23:33:00.000Z";"2790";1758.5326376167;1779.9520537944;1728.3256896836;1733.368772106;8167355822.443096;209702625266.59644;"2023-04-11T23:59:59.999Z"
"2023-04-10T00:00:00.000Z";"2023-04-10T23:59:59.999Z";"2023-04-10T23:17:00.000Z";"2023-04-10T13:52:00.000Z";"2790";1704.4174445826;1764.6159456303;1704.3381644021;1758.545988553;7680233840.871192;210992078240.5059;"2023-04-10T23:59:59.999Z"
"2023-04-09T00:00:00.000Z";"2023-04-09T23:59:59.999Z";"2023-04-09T22:02:00.000Z";"2023-04-09T06:07:00.000Z";"2790";1682.3619978661;1717.8726901724;1663.2868801695;1704.0303443737;5786074800.469096;203718035304.4859;"2023-04-09T23:59:59.999Z"
"2023-04-08T00:00:00.000Z";"2023-04-08T23:59:59.999Z";"2023-04-08T06:01:00.000Z";"2023-04-08T19:01:00.000Z";"2790";1695.7391571904;1708.8606477008;1681.6372924123;1682.2036688723;4561880269.481141;202601985911.58078;"2023-04-08T23:59:59.999Z"
"2023-04-07T00:00:00.000Z";"2023-04-07T23:59:59.999Z";"2023-04-07T01:13:00.000Z";"2023-04-07T12:40:00.000Z";"2790";1714.9843504813;1724.1522151221;1691.0965849189;1696.6094341017;7652251840.436807;205800207982.42935;"2023-04-07T23:59:59.999Z"
"2023-04-06T00:00:00.000Z";"2023-04-06T23:59:59.999Z";"2023-04-06T00:01:00.000Z";"2023-04-06T13:48:00.000Z";"2790";1750.7113255356;1750.8289245156;1704.226520754;1715.3349492262;7577462593.034075;206885784824.51895;"2023-04-06T23:59:59.999Z"
"2023-04-05T00:00:00.000Z";"2023-04-05T23:59:59.999Z";"2023-04-05T12:49:00.000Z";"2023-04-05T00:16:00.000Z";"2790";1707.4633431403;1767.224458887;1701.722203382;1750.6556865631;9417444350.610582;209870992566.50995;"2023-04-05T23:59:59.999Z"
"2023-04-04T00:00:00.000Z";"2023-04-04T23:59:59.999Z";"2023-04-04T13:10:00.000Z";"2023-04-04T00:38:00.000Z";"2790";1659.648728507;1731.8316409026;1652.9495314611;1707.0115723585;9533816214.289618;206639493811.6736;"2023-04-04T23:59:59.999Z"
"2023-04-03T00:00:00.000Z";"2023-04-03T23:59:59.999Z";"2023-04-03T18:57:00.000Z";"2023-04-03T01:48:00.000Z";"2790";1661.0966011628;1687.7417748309;1633.0167020414;1659.468612207;8924801991.972113;201805924161.0531;"2023-04-03T23:59:59.999Z"
"2023-04-02T00:00:00.000Z";"2023-04-02T23:59:59.999Z";"2023-04-02T06:52:00.000Z";"2023-04-02T19:43:00.000Z";"2790";1675.815439902;1678.7018509409;1636.4537112186;1661.8218923166;5704828444.572767;199040296578.24152;"2023-04-02T23:59:59.999Z"
"2023-04-01T00:00:00.000Z";"2023-04-01T23:59:59.999Z";"2023-04-01T02:02:00.000Z";"2023-04-02T02:19:00.000Z";"2790";1676.2868035671;1693.2812905496;1666.5459441279;1669.0691399089;5112900495.574322;201052356583.66345;"2023-04-01T23:59:59.999Z"
"2023-03-31T00:00:00.000Z";"2023-03-31T23:59:59.999Z";"2023-03-31T14:46:00.000Z";"2023-03-31T07:23:00.000Z";"2790";1644.3909027419;1694.9283123625;1635.3999085542;1676.57920291;8388151366.947635;201216268099.15015;"2023-03-31T23:59:59.999Z"
"2023-03-30T00:00:00.000Z";"2023-03-30T23:59:59.999Z";"2023-03-30T02:41:00.000Z";"2023-03-30T17:38:00.000Z";"2790";1653.576118681;1686.678327165;1621.0509210464;1644.1048853243;8966589140.744184;202285810631.56393;"2023-03-30T23:59:59.999Z"
"2023-03-29T00:00:00.000Z";"2023-03-29T23:59:59.999Z";"2023-03-29T08:38:00.000Z";"2023-03-29T00:00:00.000Z";"2790";1635.411563846;1684.8471443827;1635.411563846;1653.2983499823;8427666429.612273;202400817564.49097;"2023-03-29T23:59:59.999Z"
"2023-03-28T00:00:00.000Z";"2023-03-28T23:59:59.999Z";"2023-03-28T19:53:00.000Z";"2023-03-28T01:03:00.000Z";"2790";1587.125534272;1651.1624670462;1573.8985310121;1635.3149936256;7723051827.36375;200728559287.36365;"2023-03-28T23:59:59.999Z"
"2023-03-27T00:00:00.000Z";"2023-03-27T23:59:59.999Z";"2023-03-27T01:06:00.000Z";"2023-03-27T15:11:00.000Z";"2790";1648.2396863091;1655.3840442356;1568.4646689242;1587.4479815397;7970444345.903842;194882902751.46774;"2023-03-27T23:59:59.999Z"
"2023-03-26T00:00:00.000Z";"2023-03-26T23:59:59.999Z";"2023-03-26T13:39:00.000Z";"2023-03-26T00:18:00.000Z";"2790";1618.1982986824;1667.46918819;1615.7306204846;1647.9771812158;6486661233.462615;201640221382.59265;"2023-03-26T23:59:59.999Z"
"2023-03-25T00:00:00.000Z";"2023-03-25T23:59:59.999Z";"2023-03-25T02:29:00.000Z";"2023-03-25T20:03:00.000Z";"2790";1625.2761218365;1635.6738123135;1592.9672562074;1618.1265330836;6137748883.044528;198016399883.04242;"2023-03-25T23:59:59.999Z"
"2023-03-24T00:00:00.000Z";"2023-03-24T23:59:59.999Z";"2023-03-24T02:22:00.000Z";"2023-03-24T17:50:00.000Z";"2790";1675.907263113;1680.8630884374;1607.3926102543;1625.8100248449;10072749329.61805;197884207152.37;"2023-03-24T23:59:59.999Z"
"2023-03-23T00:00:00.000Z";"2023-03-23T23:59:59.999Z";"2023-03-23T15:18:00.000Z";"2023-03-23T02:02:00.000Z";"2790";1598.2130165469;1702.2826038721;1591.6114472001;1676.5946588018;10132204829.78692;204503639781.35175;"2023-03-23T23:59:59.999Z"
"2023-03-22T00:00:00.000Z";"2023-03-22T23:59:59.999Z";"2023-03-22T15:26:00.000Z";"2023-03-22T19:53:00.000Z";"2790";1675.3611185507;1688.0273459221;1580.6290261257;1598.5102156003;11587744924.744707;197382793643.1109;"2023-03-22T23:59:59.999Z"
"2023-03-21T00:00:00.000Z";"2023-03-21T23:59:59.999Z";"2023-03-21T14:02:00.000Z";"2023-03-21T07:16:00.000Z";"2790";1619.3836254037;1703.5009955331;1610.7566571676;1677.2467068348;10038122445.719763;206293209814.72742;"2023-03-21T23:59:59.999Z"
"2023-03-20T00:00:00.000Z";"2023-03-20T23:59:59.999Z";"2023-03-20T08:10:00.000Z";"2023-03-20T23:47:00.000Z";"2790";1672.2137615777;1694.971949807;1612.1808849879;1619.1415098881;10282255756.835146;198893627890.27533;"2023-03-20T23:59:59.999Z"
"2023-03-19T00:00:00.000Z";"2023-03-19T23:59:59.999Z";"2023-03-19T19:34:00.000Z";"2023-03-19T00:00:00.000Z";"2790";1636.0845137004;1724.661712757;1636.0845137004;1671.8335683756;8510569045.749829;202782114036.62555;"2023-03-19T23:59:59.999Z"
"2023-03-18T00:00:00.000Z";"2023-03-18T23:59:59.999Z";"2023-03-18T12:48:00.000Z";"2023-03-18T16:32:00.000Z";"2790";1668.1305852643;1707.1175048081;1625.2261922345;1634.8747976644;9596090549.368095;200501208026.10776;"2023-03-18T23:59:59.999Z"
"2023-03-17T00:00:00.000Z";"2023-03-17T23:59:59.999Z";"2023-03-17T23:09:00.000Z";"2023-03-17T00:40:00.000Z";"2790";1580.3137337821;1673.4798872124;1570.3248780568;1667.1008049867;11746564972.607264;206670107502.94678;"2023-03-17T23:59:59.999Z"
"2023-03-16T00:00:00.000Z";"2023-03-16T23:59:59.999Z";"2023-03-16T19:26:00.000Z";"2023-03-16T01:18:00.000Z";"2790";1564.8014340133;1594.8457238355;1547.0138563252;1579.968871337;8847461997.424595;193905172069.42365;"2023-03-16T23:59:59.999Z"
"2023-03-15T00:00:00.000Z";"2023-03-15T23:59:59.999Z";"2023-03-15T01:25:00.000Z";"2023-03-15T17:04:00.000Z";"2790";1589.5780929085;1603.569108748;1532.9665308686;1564.5838020416;11853239859.226637;188931969746.4833;"2023-03-15T23:59:59.999Z"
"2023-03-14T00:00:00.000Z";"2023-03-14T23:59:59.999Z";"2023-03-14T15:18:00.000Z";"2023-03-14T08:15:00.000Z";"2790";1566.9072509302;1660.7345964603;1558.0201578078;1588.1796935732;15069303100.472614;194397343132.10065;"2023-03-14T23:59:59.999Z"
"2023-03-13T00:00:00.000Z";"2023-03-13T23:59:59.999Z";"2023-03-13T15:32:00.000Z";"2023-03-13T09:39:00.000Z";"2790";1488.3577963867;1585.4413699856;1473.1565712662;1566.8024431403;14699414685.772095;192380515414.99338;"2023-03-13T23:59:59.999Z"
"2023-03-12T00:00:00.000Z";"2023-03-12T23:59:59.999Z";"2023-03-12T22:25:00.000Z";"2023-03-12T12:14:00.000Z";"2790";1392.4127448066;1503.3208915095;1372.8560619309;1487.8271932013;10783794995.734423;182792780875.5284;"2023-03-12T23:59:59.999Z"
"2023-03-11T00:00:00.000Z";"2023-03-11T23:59:59.999Z";"2023-03-11T23:56:00.000Z";"2023-03-11T08:10:00.000Z";"2790";1341.0596148232;1394.014262274;1340.7052550765;1392.5862357855;13998098513.694798;170256137340.0084;"2023-03-11T23:59:59.999Z"
"2023-03-10T00:00:00.000Z";"2023-03-10T23:59:59.999Z";"2023-03-10T00:00:00.000Z";"2023-03-10T10:49:00.000Z";"2790";1359.3679428628;1359.3679428628;1300.6593946103;1341.1134167845;11966316814.02875;165240912417.91367;"2023-03-10T23:59:59.999Z"
"2023-03-09T00:00:00.000Z";"2023-03-09T23:59:59.999Z";"2023-03-09T02:32:00.000Z";"2023-03-09T21:01:00.000Z";"2790";1454.1730382879;1464.7258174772;1345.1644898002;1359.2509664216;8965538350.974888;166889430917.58813;"2023-03-09T23:59:59.999Z"
"2023-03-08T00:00:00.000Z";"2023-03-08T23:59:59.999Z";"2023-03-08T00:34:00.000Z";"2023-03-08T23:59:00.000Z";"2790";1480.7800080257;1487.4801500872;1454.1990534933;1454.1990534933;6759664579.06361;177973231798.59177;"2023-03-08T23:59:59.999Z"
"2023-03-07T00:00:00.000Z";"2023-03-07T23:59:59.999Z";"2023-03-07T03:07:00.000Z";"2023-03-07T15:10:00.000Z";"2790";1466.7332703635;1480.7016646353;1455.7479111639;1480.7016646353;6413753640.641501;178860974307.74802;"2023-03-07T23:59:59.999Z"
"2023-03-06T00:00:00.000Z";"2023-03-06T23:59:59.999Z";"2023-03-06T16:04:00.000Z";"2023-03-06T05:13:00.000Z";"2790";1471.926521009;1478.6664828563;1463.4077605455;1466.785811757;4935159537.053674;180472556670.88147;"2023-03-06T23:59:59.999Z"
"2023-03-05T00:00:00.000Z";"2023-03-05T23:59:59.999Z";"2023-03-05T01:34:00.000Z";"2023-03-05T02:41:00.000Z";"2790";1472.7050254309;1488.708026673;1465.9153392625;1472.2448540936;4718212152.81129;179908900400.06085;"2023-03-05T23:59:59.999Z"
"2023-03-04T00:00:00.000Z";"2023-03-04T23:59:59.999Z";"2023-03-04T01:07:00.000Z";"2023-03-04T20:49:00.000Z";"2790";1474.6773408569;1480.6531191014;1458.193521354;1472.4650667186;4124460544.7746606;180191243085.01572;"2023-03-04T23:59:59.999Z"
"2023-03-03T00:00:00.000Z";"2023-03-03T23:59:59.999Z";"2023-03-03T00:04:00.000Z";"2023-03-03T21:22:00.000Z";"2790";1554.2269305216;1555.092540558;1459.8803870106;1474.5735191442;9360165136.395699;181147273843.679;"2023-03-03T23:59:59.999Z"
"2023-03-02T00:00:00.000Z";"2023-03-02T23:59:59.999Z";"2023-03-02T00:24:00.000Z";"2023-03-02T14:23:00.000Z";"2790";1559.2861711674;1567.3589536182;1531.2087043744;1554.0645349675;6637152327.087908;188954249247.37805;"2023-03-02T23:59:59.999Z"
"2023-03-01T00:00:00.000Z";"2023-03-01T23:59:59.999Z";"2023-03-01T23:59:00.000Z";"2023-03-01T00:57:00.000Z";"2790";1518.49351434;1559.2228646422;1515.6607679169;1559.2228646422;7282011830.104873;192464504533.91037;"2023-03-01T23:59:59.999Z"
"2023-02-28T00:00:00.000Z";"2023-02-28T23:59:59.999Z";"2023-02-28T18:10:00.000Z";"2023-02-28T21:44:00.000Z";"2790";1540.6035272075;1551.0416891072;1514.9402841811;1518.2309214999;5960394363.419353;185229938150.69403;"2023-02-28T23:59:59.999Z"
"2023-02-27T00:00:00.000Z";"2023-02-27T23:59:59.999Z";"2023-02-27T14:04:00.000Z";"2023-02-27T20:07:00.000Z";"2790";1554.6498260236;1571.800744869;1522.840727118;1540.4326842186;6859849718.87972;189502097436.31876;"2023-02-27T23:59:59.999Z"
"2023-02-26T00:00:00.000Z";"2023-02-26T23:59:59.999Z";"2023-02-26T21:19:00.000Z";"2023-02-26T02:21:00.000Z";"2790";1508.4047415824;1559.3984066124;1504.2733003477;1554.7234794923;5417797995.680177;189920190611.38892;"2023-02-26T23:59:59.999Z"
"2023-02-25T00:00:00.000Z";"2023-02-25T23:59:59.999Z";"2023-02-25T00:05:00.000Z";"2023-02-25T21:22:00.000Z";"2790";1519.7944657454;1519.9898103627;1482.7444395553;1508.550308286;5345149989.597913;184394196692.19998;"2023-02-25T23:59:59.999Z"
"2023-02-24T00:00:00.000Z";"2023-02-24T23:59:59.999Z";"2023-02-24T01:20:00.000Z";"2023-02-24T16:07:00.000Z";"2790";1557.5072582147;1566.2430284428;1501.5967534408;1519.5250167703;8405157789.733729;185688967205.89496;"2023-02-24T23:59:59.999Z"
"2023-02-23T00:00:00.000Z";"2023-02-23T23:59:59.999Z";"2023-02-23T03:22:00.000Z";"2023-02-23T12:08:00.000Z";"2790";1549.4711757645;1576.2287542481;1539.1996595072;1557.6544835555;8498607421.865095;190511944463.42828;"2023-02-23T23:59:59.999Z"
"2023-02-22T00:00:00.000Z";"2023-02-22T23:59:59.999Z";"2023-02-22T00:17:00.000Z";"2023-02-22T16:59:00.000Z";"2790";1556.7290618087;1562.00383203;1510.2643227743;1549.3210181778;8627364095.15456;188790037650.76132;"2023-02-22T23:59:59.999Z"
"2023-02-21T00:00:00.000Z";"2023-02-21T23:59:59.999Z";"2023-02-21T02:46:00.000Z";"2023-02-21T22:07:00.000Z";"2790";1593.3811168809;1606.6490790653;1542.506183847;1556.5347261744;8161183820.067864;189862558258.36896;"2023-02-21T23:59:59.999Z"
"2023-02-20T00:00:00.000Z";"2023-02-20T23:59:59.999Z";"2023-02-20T11:54:00.000Z";"2023-02-20T01:20:00.000Z";"2790";1574.2889362711;1605.6899666464;1553.9845816747;1593.2782396729;7208840255.206218;194980827222.88333;"2023-02-20T23:59:59.999Z"
"2023-02-19T00:00:00.000Z";"2023-02-19T23:59:59.999Z";"2023-02-19T16:16:00.000Z";"2023-02-19T20:20:00.000Z";"2790";1578.5761438826;1604.020456169;1566.7413876662;1573.3433263617;6493862594.346068;192006675374.67184;"2023-02-19T23:59:59.999Z"
"2023-02-18T00:00:00.000Z";"2023-02-18T23:59:59.999Z";"2023-02-18T18:16:00.000Z";"2023-02-18T20:44:00.000Z";"2790";1581.4364503732;1591.2938777267;1571.1016422829;1578.70609962;5124296178.481886;193192783101.0944;"2023-02-18T23:59:59.999Z"
"2023-02-17T00:00:00.000Z";"2023-02-17T23:59:59.999Z";"2023-02-17T20:16:00.000Z";"2023-02-17T00:04:00.000Z";"2790";1537.8561088977;1604.8785495858;1534.0061707587;1581.4752437097;9190349200.831907;194446691115.28217;"2023-02-17T23:59:59.999Z"
"2023-02-16T00:00:00.000Z";"2023-02-16T23:59:59.999Z";"2023-02-16T16:06:00.000Z";"2023-02-16T23:55:00.000Z";"2790";1565.5916736517;1623.4180282464;1535.9988958664;1537.8011803075;11883034993.860077;187718840916.0223;"2023-02-16T23:59:59.999Z"
"2023-02-15T00:00:00.000Z";"2023-02-15T23:59:59.999Z";"2023-02-15T23:55:00.000Z";"2023-02-15T02:56:00.000Z";"2790";1449.971011216;1566.2980608223;1441.3232285661;1565.7894033111;9328003744.6151;190771929601.8964;"2023-02-15T23:59:59.999Z"
"2023-02-14T00:00:00.000Z";"2023-02-14T23:59:59.999Z";"2023-02-14T15:13:00.000Z";"2023-02-14T01:37:00.000Z";"2790";1404.6492677414;1452.1576537472;1395.5289351501;1450.1980671244;8621417904.63717;177582180921.2356;"2023-02-14T23:59:59.999Z"
"2023-02-13T00:00:00.000Z";"2023-02-13T23:59:59.999Z";"2023-02-13T07:25:00.000Z";"2023-02-13T16:40:00.000Z";"2790";1418.6667980703;1427.3758087783;1372.3746995883;1404.678640478;8768922579.275827;172719470453.39883;"2023-02-13T23:59:59.999Z"
"2023-02-12T00:00:00.000Z";"2023-02-12T23:59:59.999Z";"2023-02-12T17:13:00.000Z";"2023-02-12T22:10:00.000Z";"2790";1440.5913182148;1444.3992770501;1405.4029708107;1418.8078383469;4977030378.427079;173457954721.23697;"2023-02-12T23:59:59.999Z"
"2023-02-11T00:00:00.000Z";"2023-02-11T23:59:59.999Z";"2023-02-11T23:32:00.000Z";"2023-02-11T00:16:00.000Z";"2790";1417.3569530764;1442.0496937651;1412.8709040153;1440.7323833377;4737809377.877339;176307991934.23285;"2023-02-11T23:59:59.999Z"
"2023-02-10T00:00:00.000Z";"2023-02-10T23:59:59.999Z";"2023-02-10T08:18:00.000Z";"2023-02-10T21:46:00.000Z";"2790";1440.1179994141;1445.3773605241;1409.3511957094;1417.2888498898;7819252932.650785;172617510201.29483;"2023-02-10T23:59:59.999Z"
"2023-02-09T00:00:00.000Z";"2023-02-09T23:59:59.999Z";"2023-02-09T01:41:00.000Z";"2023-02-09T22:56:00.000Z";"2790";1540.859273092;1544.1238933256;1431.2519569224;1440.0278698807;9822343235.061384;176610105832.03525;"2023-02-09T23:59:59.999Z"
"2023-02-08T00:00:00.000Z";"2023-02-08T23:59:59.999Z";"2023-02-08T01:14:00.000Z";"2023-02-08T16:28:00.000Z";"2790";1558.2925962531;1572.8445301981;1523.3507715;1540.2805004911;7275634567.7299795;188277571075.19382;"2023-02-08T23:59:59.999Z"
"2023-02-07T00:00:00.000Z";"2023-02-07T23:59:59.999Z";"2023-02-07T23:34:00.000Z";"2023-02-07T00:02:00.000Z";"2790";1506.4037734737;1560.5989099736;1505.334895387;1558.6149749452;7485623866.684745;190731898943.13382;"2023-02-07T23:59:59.999Z"
"2023-02-06T00:00:00.000Z";"2023-02-06T23:59:59.999Z";"2023-02-06T16:28:00.000Z";"2023-02-06T23:35:00.000Z";"2790";1512.4209663059;1540.0440650345;1502.2971886879;1506.9775070804;6414236847.391916;183334156688.828;"2023-02-06T23:59:59.999Z"
"2023-02-05T00:00:00.000Z";"2023-02-05T23:59:59.999Z";"2023-02-05T09:18:00.000Z";"2023-02-05T21:16:00.000Z";"2790";1542.0456255594;1544.1506749821;1498.461491481;1512.780477096;6406847955.922986;184685519929.0113;"2023-02-05T23:59:59.999Z"
"2023-02-04T00:00:00.000Z";"2023-02-04T23:59:59.999Z";"2023-02-04T13:25:00.000Z";"2023-02-04T05:29:00.000Z";"2790";1540.3858840452;1563.2576350974;1525.3166972867;1541.9464396437;5407684309.4527445;188795949561.89798;"2023-02-04T23:59:59.999Z"
"2023-02-03T00:00:00.000Z";"2023-02-03T23:59:59.999Z";"2023-02-03T16:37:00.000Z";"2023-02-03T03:19:00.000Z";"2790";1506.4072450131;1540.8469640967;1500.1631329157;1540.6387989798;7490771590.582714;186795571969.8509;"2023-02-03T23:59:59.999Z"
"2023-02-02T00:00:00.000Z";"2023-02-02T23:59:59.999Z";"2023-02-02T18:46:00.000Z";"2023-02-02T00:13:00.000Z";"2790";1490.4160905687;1561.0348366387;1490.3209384985;1506.8262447974;9587096585.2177;182596399348.78745;"2023-02-02T23:59:59.999Z"
"2023-02-01T00:00:00.000Z";"2023-02-01T23:59:59.999Z";"2023-02-01T23:31:00.000Z";"2023-02-01T19:35:00.000Z";"2790";1460.517776617;1492.8270361315;1436.0121749359;1490.7100046623;7472465878.002654;184959663588.17062;"2023-02-01T23:59:59.999Z"
"2023-01-31T00:00:00.000Z";"2023-01-31T23:59:59.999Z";"2023-01-31T16:42:00.000Z";"2023-01-31T00:40:00.000Z";"2790";1444.5733710863;1471.0773391737;1440.6969715597;1460.7231187806;6069076672.793714;178933924701.43527;"2023-01-31T23:59:59.999Z"
"2023-01-30T00:00:00.000Z";"2023-01-30T23:59:59.999Z";"2023-01-30T00:12:00.000Z";"2023-01-30T20:28:00.000Z";"2790";1514.1282518334;1514.2377168325;1425.7521297299;1444.58914422;8444157767.51604;176417648850.20117;"2023-01-30T23:59:59.999Z"
"2023-01-29T00:00:00.000Z";"2023-01-29T23:59:59.999Z";"2023-01-29T19:38:00.000Z";"2023-01-29T00:19:00.000Z";"2790";1446.4290983303;1521.7445319072;1443.0769196184;1514.2079868608;8095006195.408445;185280751092.62436;"2023-01-29T23:59:59.999Z"
"2023-01-28T00:00:00.000Z";"2023-01-28T23:59:59.999Z";"2023-01-28T00:46:00.000Z";"2023-01-28T21:07:00.000Z";"2790";1470.0132947499;1475.7934253304;1439.7706865757;1446.2502766814;5338409289.565418;176999401572.34833;"2023-01-28T23:59:59.999Z"
"2023-01-27T00:00:00.000Z";"2023-01-27T23:59:59.999Z";"2023-01-27T20:10:00.000Z";"2023-01-27T02:02:00.000Z";"2790";1471.3229452285;1487.5130585045;1437.4866032437;1470.0418995989;7456715564.149153;179498480684.6387;"2023-01-27T23:59:59.999Z"
"2023-01-26T00:00:00.000Z";"2023-01-26T23:59:59.999Z";"2023-01-26T01:09:00.000Z";"2023-01-26T16:13:00.000Z";"2790";1475.133131291;1489.7439130758;1460.6190945458;1471.3482593361;7686893354.853888;179624159921.30768;"2023-01-26T23:59:59.999Z"
"2023-01-25T00:00:00.000Z";"2023-01-25T23:59:59.999Z";"2023-01-25T22:10:00.000Z";"2023-01-25T01:31:00.000Z";"2790";1429.8015400017;1495.0534026876;1405.5771080082;1475.587539664;9734298594.881554;181140983886.0241;"2023-01-25T23:59:59.999Z"
"2023-01-24T00:00:00.000Z";"2023-01-24T23:59:59.999Z";"2023-01-24T02:26:00.000Z";"2023-01-24T23:23:00.000Z";"2790";1496.9415914526;1507.0718235845;1425.2726926587;1429.8546264029;7522441540.778445;175169231318.12396;"2023-01-24T23:59:59.999Z"
"2023-01-23T00:00:00.000Z";"2023-01-23T23:59:59.999Z";"2023-01-23T03:05:00.000Z";"2023-01-23T15:01:00.000Z";"2790";1498.9849360144;1506.7121365722;1479.8657495206;1497.3038356859;7606991433.019284;183402816664.298;"2023-01-23T23:59:59.999Z"
"2023-01-22T00:00:00.000Z";"2023-01-22T23:59:59.999Z";"2023-01-22T18:10:00.000Z";"2023-01-22T21:21:00.000Z";"2790";1496.1010338251;1528.2034964383;1483.1833227222;1498.8295955013;6911580244.726845;183197975313.52103;"2023-01-22T23:59:59.999Z"
"2023-01-21T00:00:00.000Z";"2023-01-21T23:59:59.999Z";"2023-01-21T10:23:00.000Z";"2023-01-21T23:51:00.000Z";"2790";1525.9337593138;1539.138293635;1495.5925940005;1495.8732357574;8145194735.335785;183067937352.94315;"2023-01-21T23:59:59.999Z"
"2023-01-20T00:00:00.000Z";"2023-01-20T23:59:59.999Z";"2023-01-20T23:53:00.000Z";"2023-01-20T06:23:00.000Z";"2790";1432.7493464195;1526.0989971986;1426.1939810811;1525.9779373352;7871666652.773099;187459034336.3906;"2023-01-20T23:59:59.999Z"
"2023-01-19T00:00:00.000Z";"2023-01-19T23:59:59.999Z";"2023-01-19T20:30:00.000Z";"2023-01-19T00:01:00.000Z";"2790";1403.3984284949;1437.7059815521;1402.5930592315;1432.7504215523;5957800753.353625;175967682776.08078;"2023-01-19T23:59:59.999Z"
"2023-01-18T00:00:00.000Z";"2023-01-18T23:59:59.999Z";"2023-01-18T14:22:00.000Z";"2023-01-18T16:47:00.000Z";"2790";1452.581247183;1474.3851404296;1395.6093989563;1403.5716597572;9594511358.426945;171840052194.0274;"2023-01-18T23:59:59.999Z"
"2023-01-17T00:00:00.000Z";"2023-01-17T23:59:59.999Z";"2023-01-17T14:26:00.000Z";"2023-01-17T01:25:00.000Z";"2790";1456.2710731855;1467.2715751762;1435.3926425299;1452.592119233;7017199546.827168;177163002274.30872;"2023-01-17T23:59:59.999Z"
"2023-01-16T00:00:00.000Z";"2023-01-16T23:59:59.999Z";"2023-01-16T19:48:00.000Z";"2023-01-16T15:16:00.000Z";"2790";1434.3399367916;1473.8475766538;1412.7738734269;1456.0622534955;7810921545.442199;178274660124.0913;"2023-01-16T23:59:59.999Z"
"2023-01-15T00:00:00.000Z";"2023-01-15T23:59:59.999Z";"2023-01-15T16:07:00.000Z";"2023-01-15T03:28:00.000Z";"2790";1430.1016673918;1435.8371645068;1402.5850084812;1434.3947857805;6247624011.497491;175204335122.3571;"2023-01-15T23:59:59.999Z"
"2023-01-14T00:00:00.000Z";"2023-01-14T23:59:59.999Z";"2023-01-14T08:50:00.000Z";"2023-01-14T00:04:00.000Z";"2790";1338.1532181903;1441.4328075761;1337.7474979233;1430.078927717;14239265621.114397;174955897052.7894;"2023-01-14T23:59:59.999Z"
"2023-01-13T00:00:00.000Z";"2023-01-13T23:59:59.999Z";"2023-01-13T22:43:00.000Z";"2023-01-13T01:37:00.000Z";"2790";1305.715778238;1347.5979121222;1293.9287613715;1338.3250108853;7075947881.314856;163579536307.53076;"2023-01-13T23:59:59.999Z"
"2023-01-12T00:00:00.000Z";"2023-01-12T23:59:59.999Z";"2023-01-12T21:01:00.000Z";"2023-01-12T14:56:00.000Z";"2790";1289.1336315329;1320.2066616308;1278.745675413;1305.8561546134;11361066599.975424;161187691982.2635;"2023-01-12T23:59:59.999Z"
"2023-01-11T00:00:00.000Z";"2023-01-11T23:59:59.999Z";"2023-01-11T23:59:00.000Z";"2023-01-11T15:58:00.000Z";"2790";1244.588610862;1289.289551869;1229.3029233952;1289.289551869;5880685175.242962;158167862839.7262;"2023-01-11T23:59:59.999Z"
"2023-01-10T00:00:00.000Z";"2023-01-10T23:59:59.999Z";"2023-01-10T20:25:00.000Z";"2023-01-10T02:43:00.000Z";"2790";1230.9948233598;1249.785985409;1228.8370195651;1244.7145307106;5431313609.832615;152373360377.4527;"2023-01-10T23:59:59.999Z"
"2023-01-09T00:00:00.000Z";"2023-01-09T23:59:59.999Z";"2023-01-09T18:19:00.000Z";"2023-01-09T00:31:00.000Z";"2790";1207.4074015765;1248.8503853052;1207.0223377411;1231.2381902801;7493657261.603085;151667260610.20627;"2023-01-09T23:59:59.999Z"
"2023-01-08T00:00:00.000Z";"2023-01-08T23:59:59.999Z";"2023-01-08T23:59:00.000Z";"2023-01-08T01:46:00.000Z";"2790";1185.521991476;1208.231893927;1181.8129472564;1208.231893927;3277617482.731096;147736751009.34647;"2023-01-08T23:59:59.999Z"
"2023-01-07T00:00:00.000Z";"2023-01-07T23:59:59.999Z";"2023-01-07T01:04:00.000Z";"2023-01-07T17:07:00.000Z";"2790";1190.3983617938;1191.5035657146;1183.7300831406;1185.6049120929;2405529004.54323;145082724917.43604;"2023-01-07T23:59:59.999Z"
"2023-01-06T00:00:00.000Z";"2023-01-06T23:59:59.999Z";"2023-01-06T20:04:00.000Z";"2023-01-06T13:31:00.000Z";"2790";1188.4837762294;1195.9982450561;1182.1997734269;1190.3601606557;4730570188.885305;147639913953.18472;"2023-01-06T23:59:59.999Z"
"2023-01-05T00:00:00.000Z";"2023-01-05T23:59:59.999Z";"2023-01-05T00:19:00.000Z";"2023-01-05T14:49:00.000Z";"2790";1184.7016277844;1188.4455591635;1180.5535553832;1188.4455591635;3773164395.8064375;144278910251.35956;"2023-01-05T23:59:59.999Z"
"2023-01-04T00:00:00.000Z";"2023-01-04T23:59:59.999Z";"2023-01-04T18:52:00.000Z";"2023-01-04T00:49:00.000Z";"2790";1151.9054753227;1193.4773687644;1149.1220038302;1184.1179930623;6073244495.415538;145814776627.9652;"2023-01-04T23:59:59.999Z"
"2023-01-03T00:00:00.000Z";"2023-01-03T23:59:59.999Z";"2023-01-03T06:32:00.000Z";"2023-01-03T19:37:00.000Z";"2790";1137.9345592622;1152.0111817849;1137.9345592622;1152.0111817849;3178431110.0348535;139257436598.64124;"2023-01-03T23:59:59.999Z"
"2023-01-02T00:00:00.000Z";"2023-01-02T23:59:59.999Z";"2023-01-02T15:46:00.000Z";"2023-01-02T01:24:00.000Z";"2790";1112.5447617056;1143.3156128446;1112.5447617056;1138.1235877962;3488105357.878294;137682693002.24503;"2023-01-02T23:59:59.999Z"
"2023-01-01T00:00:00.000Z";"2023-01-01T23:59:59.999Z";"2023-01-01T20:37:00.000Z";"2023-01-01T04:51:00.000Z";"2790";1115.6614503779;1125.1146978885;1112.0924980001;1112.5197765513;2237146992.4589825;137012801354.53227;"2023-01-01T23:59:59.999Z"
"2022-12-31T00:00:00.000Z";"2022-12-31T23:59:59.999Z";"2022-12-31T14:32:00.000Z";"2022-12-31T06:01:00.000Z";"2790";1118.1682276767;1123.46921143;1113.3215318932;1115.7151197191;2814172054.4465337;136539205763.96127;"2022-12-31T23:59:59.999Z"
"2022-12-30T00:00:00.000Z";"2022-12-30T23:59:59.999Z";"2022-12-30T00:45:00.000Z";"2022-12-30T14:52:00.000Z";"2790";1127.1179799058;1127.4484179024;1110.6681531646;1118.0494937212;3804370936.3230033;137661530898.18274;"2022-12-30T23:59:59.999Z"
"2022-12-29T00:00:00.000Z";"2022-12-29T23:59:59.999Z";"2022-12-29T15:17:00.000Z";"2022-12-29T02:33:00.000Z";"2790";1119.66153171;1130.8659536723;1117.8465535835;1127.1769348067;3887952798.3935633;138351221997.8834;"2022-12-29T23:59:59.999Z"
"2022-12-28T00:00:00.000Z";"2022-12-28T23:59:59.999Z";"2022-12-28T01:35:00.000Z";"2022-12-28T22:31:00.000Z";"2790";1140.165232778;1140.3351296211;1117.0939218777;1119.6340839923;4692963128.329272;136908957283.85391;"2022-12-28T23:59:59.999Z"
"2022-12-27T00:00:00.000Z";"2022-12-27T23:59:59.999Z";"2022-12-27T00:04:00.000Z";"2022-12-27T17:46:00.000Z";"2790";1153.1924163837;1156.4169996728;1133.7360015325;1140.1296521761;3845453803.555668;139487938305.9821;"2022-12-27T23:59:59.999Z"
"2022-12-26T00:00:00.000Z";"2022-12-26T23:59:59.999Z";"2022-12-26T23:59:00.000Z";"2022-12-26T19:09:00.000Z";"2790";1147.6998933219;1152.8810392872;1142.0829197326;1152.8810392872;3090328672.2662525;141376502970.98883;"2022-12-26T23:59:59.999Z"
"2022-12-25T00:00:00.000Z";"2022-12-25T23:59:59.999Z";"2022-12-25T01:34:00.000Z";"2022-12-25T19:28:00.000Z";"2790";1144.7957898152;1148.3073074247;1133.4476220909;1148.3073074247;3696130529.102578;139839610370.01187;"2022-12-25T23:59:59.999Z"
"2022-12-24T00:00:00.000Z";"2022-12-24T23:59:59.999Z";"2022-12-24T19:25:00.000Z";"2022-12-24T06:24:00.000Z";"2790";1143.8226813462;1148.3019876305;1140.2652687032;1144.7743046433;2461937350.5400534;140092250846.10983;"2022-12-24T23:59:59.999Z"
"2022-12-23T00:00:00.000Z";"2022-12-23T23:59:59.999Z";"2022-12-23T13:49:00.000Z";"2022-12-23T01:06:00.000Z";"2790";1148.9435558665;1155.1052134362;1143.8616241809;1143.8616241809;4561359774.582291;140840768470.56964;"2022-12-23T23:59:59.999Z"
"2022-12-22T00:00:00.000Z";"2022-12-22T23:59:59.999Z";"2022-12-22T20:28:00.000Z";"2022-12-22T18:05:00.000Z";"2790";1144.1449890653;1152.8944936548;1121.584112686;1148.9431147442;4993995475.704718;140533676942.3799;"2022-12-22T23:59:59.999Z"
"2022-12-21T00:00:00.000Z";"2022-12-21T23:59:59.999Z";"2022-12-21T00:11:00.000Z";"2022-12-21T05:04:00.000Z";"2790";1145.913163936;1146.4638793567;1137.1735458994;1143.9611978054;3968938271.7701707;139770709913.58517;"2022-12-21T23:59:59.999Z"
"2022-12-20T00:00:00.000Z";"2022-12-20T23:59:59.999Z";"2022-12-20T15:35:00.000Z";"2022-12-20T00:16:00.000Z";"2790";1100.4994030095;1149.1745258397;1098.8816825615;1146.112351047;6299250056.172909;140417371046.60672;"2022-12-20T23:59:59.999Z"
"2022-12-19T00:00:00.000Z";"2022-12-19T23:59:59.999Z";"2022-12-19T01:29:00.000Z";"2022-12-19T22:38:00.000Z";"2790";1119.326488069;1125.2886486607;1093.9932312922;1100.2388230312;4670601399.139833;134993690107.81503;"2022-12-19T23:59:59.999Z"
"2022-12-18T00:00:00.000Z";"2022-12-18T23:59:59.999Z";"2022-12-18T04:33:00.000Z";"2022-12-18T16:02:00.000Z";"2790";1121.4578940396;1127.2023353002;1110.1853572666;1119.2893335364;3162105427.851325;136842877556.21706;"2022-12-18T23:59:59.999Z"
"2022-12-17T00:00:00.000Z";"2022-12-17T23:59:59.999Z";"2022-12-17T23:52:00.000Z";"2022-12-17T02:29:00.000Z";"2790";1102.176141681;1122.3229670687;1099.4981844722;1121.4777499679;4790850429.116542;137196530197.50131;"2022-12-17T23:59:59.999Z"
"2022-12-16T00:00:00.000Z";"2022-12-16T23:59:59.999Z";"2022-12-16T07:56:00.000Z";"2022-12-16T23:35:00.000Z";"2790";1190.6629434195;1201.2809109708;1096.6173798753;1102.3578440665;8741337488.465899;134407993750.04726;"2022-12-16T23:59:59.999Z"
"2022-12-15T00:00:00.000Z";"2022-12-15T23:59:59.999Z";"2022-12-15T00:19:00.000Z";"2022-12-15T23:41:00.000Z";"2790";1226.2758695549;1228.8330290364;1187.7777947665;1190.6145670111;5650780674.485009;145153998301.26648;"2022-12-15T23:59:59.999Z"
"2022-12-14T00:00:00.000Z";"2022-12-14T23:59:59.999Z";"2022-12-14T18:41:00.000Z";"2022-12-15T01:59:00.000Z";"2790";1242.7613965248;1261.6172248657;1207.0015057784;1207.0015057784;7654751510.800752;148381597723.55743;"2022-12-14T23:59:59.999Z"
"2022-12-13T00:00:00.000Z";"2022-12-13T23:59:59.999Z";"2022-12-13T14:23:00.000Z";"2022-12-13T07:23:00.000Z";"2790";1209.2774215252;1258.4270487874;1192.0313883073;1242.5457147103;8360817466.935727;153311245424.90778;"2022-12-13T23:59:59.999Z"
"2022-12-12T00:00:00.000Z";"2022-12-12T23:59:59.999Z";"2022-12-12T22:10:00.000Z";"2022-12-12T04:13:00.000Z";"2790";1201.1807018957;1211.0006591349;1182.5362064514;1209.2119798882;4896757885.349104;148278078435.77563;"2022-12-12T23:59:59.999Z"
"2022-12-11T00:00:00.000Z";"2022-12-11T23:59:59.999Z";"2022-12-11T19:10:00.000Z";"2022-12-11T22:42:00.000Z";"2790";1201.3645135288;1217.5569000799;1196.7884000244;1201.1111553312;3189306331.296369;146719675579.91003;"2022-12-11T23:59:59.999Z"
"2022-12-10T00:00:00.000Z";"2022-12-10T23:59:59.999Z";"2022-12-10T16:04:00.000Z";"2022-12-10T09:28:00.000Z";"2790";1198.8264308027;1213.8011799822;1197.2873415742;1201.3324804181;3112325351.8647447;146938088390.60693;"2022-12-10T23:59:59.999Z"
"2022-12-09T00:00:00.000Z";"2022-12-09T23:59:59.999Z";"2022-12-09T12:43:00.000Z";"2022-12-09T21:37:00.000Z";"2790";1213.6350093365;1222.1159108621;1197.1990556102;1198.7404358275;5405781815.275479;146570419962.6983;"2022-12-09T23:59:59.999Z"
"2022-12-08T00:00:00.000Z";"2022-12-08T23:59:59.999Z";"2022-12-08T19:02:00.000Z";"2022-12-08T01:46:00.000Z";"2790";1172.0333564354;1218.6653819232;1167.732419693;1213.4528732545;5921990367.325216;149089567740.8203;"2022-12-08T23:59:59.999Z"
"2022-12-07T00:00:00.000Z";"2022-12-07T23:59:59.999Z";"2022-12-07T00:44:00.000Z";"2022-12-07T08:06:00.000Z";"2790";1214.751589677;1216.6662961636;1170.6335098044;1172.1478342308;5495248422.251342;144080937689.345;"2022-12-07T23:59:59.999Z"
"2022-12-06T00:00:00.000Z";"2022-12-06T23:59:59.999Z";"2022-12-06T23:58:00.000Z";"2022-12-06T19:17:00.000Z";"2790";1200.1598301238;1215.223375181;1192.3461613044;1214.9660577307;4848075604.56763;148243743186.89532;"2022-12-06T23:59:59.999Z"
"2022-12-05T00:00:00.000Z";"2022-12-05T23:59:59.999Z";"2022-12-05T08:46:00.000Z";"2022-12-05T19:35:00.000Z";"2790";1214.3349027809;1234.7711982104;1194.1985837535;1199.9491289957;5806385079.517529;146243535571.58752;"2022-12-05T23:59:59.999Z"
"2022-12-04T00:00:00.000Z";"2022-12-04T23:59:59.999Z";"2022-12-04T23:35:00.000Z";"2022-12-04T00:01:00.000Z";"2790";1179.8050706844;1216.0721303289;1179.5133404589;1214.4334811872;4910206509.495701;148678528356.56787;"2022-12-04T23:59:59.999Z"
"2022-12-03T00:00:00.000Z";"2022-12-03T23:59:59.999Z";"2022-12-03T00:07:00.000Z";"2022-12-03T23:37:00.000Z";"2790";1228.5246693041;1233.6342811739;1178.1089834284;1179.9148707597;5383680717.821988;144402003768.42105;"2022-12-03T23:59:59.999Z"
"2022-12-02T00:00:00.000Z";"2022-12-02T23:59:59.999Z";"2022-12-02T23:59:00.000Z";"2022-12-02T04:16:00.000Z";"2790";1212.6066789255;1228.3793288687;1206.2620655039;1228.3793288687;5903423233.513002;150481183675.27365;"2022-12-02T23:59:59.999Z"
"2022-12-01T00:00:00.000Z";"2022-12-01T23:59:59.999Z";"2022-12-01T00:02:00.000Z";"2022-12-01T15:26:00.000Z";"2790";1242.9565309222;1243.1774879826;1208.2123472515;1212.4334242372;6578419550.414109;149816884840.40213;"2022-12-01T23:59:59.999Z"
"2022-11-30T00:00:00.000Z";"2022-11-30T23:59:59.999Z";"2022-11-30T23:28:00.000Z";"2022-11-30T00:17:00.000Z";"2790";1178.7390541937;1250.4610768461;1177.3349405994;1242.7104901968;9528222913.94525;153582543654.48965;"2022-11-30T23:59:59.999Z"
"2022-11-29T00:00:00.000Z";"2022-11-29T23:59:59.999Z";"2022-11-29T21:14:00.000Z";"2022-11-29T00:20:00.000Z";"2790";1131.0182238472;1183.7406220783;1124.4125624487;1178.8730255099;7385670592.841902;143970777113.77124;"2022-11-29T23:59:59.999Z"
"2022-11-28T00:00:00.000Z";"2022-11-28T23:59:59.999Z";"2022-11-28T00:46:00.000Z";"2022-11-28T16:22:00.000Z";"2790";1152.6288826712;1154.9213615529;1112.5552956781;1131.2392990452;7017680404.630629;138115533414.77197;"2022-11-28T23:59:59.999Z"
"2022-11-27T00:00:00.000Z";"2022-11-27T23:59:59.999Z";"2022-11-27T06:26:00.000Z";"2022-11-27T23:58:00.000Z";"2790";1157.9102887758;1171.7795744057;1152.3953133897;1152.4800103804;4308395188.211898;140431460135.00137;"2022-11-27T23:59:59.999Z"
"2022-11-26T00:00:00.000Z";"2022-11-26T23:59:59.999Z";"2022-11-26T14:44:00.000Z";"2022-11-26T00:26:00.000Z";"2790";1151.1888997652;1178.2020222472;1150.5238703434;1157.9032006769;4872675790.111579;141710667848.95813;"2022-11-26T23:59:59.999Z"
"2022-11-25T00:00:00.000Z";"2022-11-25T23:59:59.999Z";"2022-11-25T00:00:00.000Z";"2022-11-25T06:02:00.000Z";"2790";1156.6297500067;1156.6297500067;1128.710394988;1151.3189851637;5268450247.244375;140968235278.35553;"2022-11-25T23:59:59.999Z"
"2022-11-24T00:00:00.000Z";"2022-11-24T23:59:59.999Z";"2022-11-24T07:10:00.000Z";"2022-11-24T00:54:00.000Z";"2790";1135.8610253559;1160.8178684362;1133.6556495253;1156.7268626015;9316884771.533867;141423924592.85666;"2022-11-24T23:59:59.999Z"
"2022-11-23T00:00:00.000Z";"2022-11-23T23:59:59.999Z";"2022-11-23T23:47:00.000Z";"2022-11-23T01:31:00.000Z";"2790";1101.5121580931;1137.8450771591;1096.8611512696;1136.0537868087;10906913524.246662;140468470103.9292;"2022-11-23T23:59:59.999Z"
"2022-11-22T00:00:00.000Z";"2022-11-22T23:59:59.999Z";"2022-11-22T00:00:00.000Z";"2022-11-22T19:47:00.000Z";"2790";1115.2570280385;1115.2570280385;1053.656806729;1075.289766517;13745612371.165976;132411339226.09442;"2022-11-22T23:59:59.999Z"
"2022-11-21T00:00:00.000Z";"2022-11-21T23:59:59.999Z";"2022-11-21T00:00:00.000Z";"2022-11-21T19:47:00.000Z";"2790";1105.8768162705;1105.8768162705;1059.121232963;1082.1116795166;13630000676.569407;131297652989.47087;"2022-11-21T23:59:59.999Z"
"2022-11-20T00:00:00.000Z";"2022-11-20T23:59:59.999Z";"2022-11-20T01:06:00.000Z";"2022-11-20T23:11:00.000Z";"2790";1177.7453445254;1183.1984997171;1101.6706711933;1105.6552655422;9328697798.345797;135139035071.84425;"2022-11-20T23:59:59.999Z"
"2022-11-19T00:00:00.000Z";"2022-11-19T23:59:59.999Z";"2022-11-19T22:32:00.000Z";"2022-11-19T05:23:00.000Z";"2790";1171.8451013688;1186.8324202328;1160.3845056566;1177.7362273004;5779635605.344556;144138002154.26328;"2022-11-19T23:59:59.999Z"
"2022-11-18T00:00:00.000Z";"2022-11-18T23:59:59.999Z";"2022-11-18T03:04:00.000Z";"2022-11-18T00:00:00.000Z";"2790";1158.7957135463;1183.2165102087;1158.7957135463;1171.9270118198;7700760048.152939;143164153216.70306;"2022-11-18T23:59:59.999Z"
"2022-11-17T00:00:00.000Z";"2022-11-17T23:59:59.999Z";"2022-11-17T01:19:00.000Z";"2022-11-17T13:53:00.000Z";"2790";1169.8579806668;1179.0147954983;1150.4397979227;1158.8583559872;9355840204.03422;141389151933.84494;"2022-11-17T23:59:59.999Z"
"2022-11-16T00:00:00.000Z";"2022-11-16T23:59:59.999Z";"2022-11-16T02:37:00.000Z";"2022-11-16T16:04:00.000Z";"2790";1208.726535123;1218.0151868235;1147.1890236601;1169.7767590719;11528649645.99496;143638328319.7771;"2022-11-16T23:59:59.999Z"